排名,标题,热度,链接
,扎根中国大地赓续中华文脉厚植学术根基,,/l?e=8af8jbpPTKZ%2BIsZ9M5YDcBQZCWHzE37AQleM%2Bwj03%2FyHKS0cEu35e1sppV9HWUzSwXxkoS%2F1ugVkrdmt0u8q4GtQ9TW0uGcgNeBQRAmpvKtzjpuyucweZey8d2eoahQtAXjRSCNl7EeahaovLr4RYQ50Z1OR5XU6Sq8L9osustGiRhruu%2BOl%2FXvAVCZ6SAq%2B17Ib78o1mn4TK6zd7usQJO5V4hGHxFljs76RAiy2y7gAXxk0pr%2BbqDbatvQiFPx1MBvJYLN6gUiHMCakjRVIDK9pjS20I9g6FNlFvegz%2ByYOt4qMR8e8lQKbChIJV%2BLqhMOgqnDf9HbBNSMgJsU1%2BF41FlclxAcs5IVguWaagAeLyMke6x5KundRFy%2BZtfPoRQ%2FWfR4EyLrvvHEsZF0KuUifdBvLdP7KJMhhOq3iiLNlGAGbBtuxTf4p3qGwJzV73Y8DaDyybyKfPOsB%2FbcGvMfZ3U9nqkVDp6MwgiJ%2BUrGy
,外交部回应优衣库不用新疆棉,,/l?e=ac0bNExiiA17FBIo9Rbg8y3d6rLSZNwyw6LOqY91mZvj8OBSMpYnk2cU%2F4VlH4tN9pUUIS3K2wz%2BaHYrtJm9PWVbQLgTmIzD35lOewFLNyoKujwFx1Cgn89TAq2zt9qFSTpcti9t0jWLG5KQlmffH0aE7KFgFTpshRBEXFR5YbRNx%2Fk93v0mCsJ%2FmEhD1TvBGjwujQOgczylUeUcDNssihgM2g4%2Fs%2BjlJ2O3vyLL67ukvJ9%2FelmIWp9Wjao793Jvbc1ROF7vmsvXHfInZW%2FijK6VY39Yk4pRHO3qY%2FVb1IpBoemD1gqMpDePmbBmIhV9A1HXzvKDGrAxDms8phrYbvkd9UVTWve7Rrip3LE4yC2pB9lcjWJO8rn9FcduB1ythuCVW12D
,春晚官博回复檀健次春晚相关,,/l?e=5028Da41oGvaELKfVaMFzA%2BUNElLdE3n4YJQLmoy31kVpCZFoEQzfDmY%2BFL%2FLsn3W6ioJwP%2FhF5UQFOIzHkQXmTNybkkjpoj42roa1SiIpfu6TrHSAbK9p4evOnWn7X7TXbc5m85hhsTQFhP7LyVt8OVkxdnuDZxkSoyDN6PrV1bCHx0AA0NIVF6BxkM54maMEFfedS7bz9V2bNLbMpkTC6bEmZyHSO5XDtzrerhSH%2FIyXUSm2e1Vl0ZkvC8BbPaDjd99nraxW7B0YFu5E8xlbPa%2BWDFn8iGrgdvLoMvex08cg%2BX%2BhklyPGukPm9Ydu55523%2Buz0pXW8JkLw3z9mCUmgvh9st5NjxtBc4bRC8mkitfra4Q7qZD31Y5SLz9VFj5dT6gYO
,43位志愿军烈士遗骸今日安葬,,/l?e=3f84j9C9L6nyJrCqZEa2wBh0qxaWoI185Uh3kLyTVTWUxk46KR2iHStHR4lmlkdu6wbthczU5WFhJj8%2B%2FiNPNISEoOCEfPokUIIvL8Mx8dS1TCnFyQKqxOGb5wDEG07EU2ourfe3A8anGApwKFbGG1gjilPmUjy6QotlKbm4flK6Y9ab8CX9T5TLKsIswouYdaRps6CV5Ac4omvBkYPUW21cLOL4h%2Fd%2B%2B1Ox4Zh5CV5vdHcRD5UFPdkLZD1a8sqSg%2FNetaILczsH%2B4snvfHmoD0B9gL7QpLW%2Bv181%2FPRnnHs3leuRApaIAALe%2BxFHNtgCuLzEL9R6YQnphhpUSa5qZvCipP%2Fpk3746IQsmmkcejcJu6kokSX0f0
,韩安冉称do脸模板是赵露思,,/l?e=1095ldg%2BXTA1TRQj6aMAo74sH38vSJEE%2F802%2FsxbiJEqHEsMnG%2BP55uo%2Fk4GCDDd0FS639y%2FotdLqhe5SFTg3BcGuel3JNIurgWssvLpXbLq4TD1QaCO9375RdhdCHzJTR505njklGrR1Mt0tlu%2FaetTog%2BfVOU4hDbQYHHePwFWULCtry3h5LtiTtTQpEd2TrqBNpZnTxnOqOEwwcn1ttIWHncRtp0HH9PMv%2FPdeuSgCvIf6N8EZEXmjZfHvR9LqgRIsWTRJpI5rfbli9maTXj2D884f311lN2jkaf9CIeudNgC3cIi0hMH8ZywNtEghmdMLD89RCnH4Y3UUKiG92Uzk%2BBa7fMeFiY
,巴黎世家售出8天后要顾客补1147元,,/l?e=fd11fyYhHVJ11dSxgcAkc4%2BU8adAl%2F2FCFNZZev0xbVgteyNBJ%2B0gFcBUAXYlpMGKMAahzXeaca4xM3WCUvW96Rxb%2FK8%2FrYGbkAkmFshxBfU0S6lXnITeL%2B0lcLgyeKVVtgjIjpfHhHY%2B0tCMHJzbnkNBDGZw5e9GvAttLWBchrKToVS3niT31nlpGOq%2B4IH5brgVv%2BbwPdjxwO3zL4nRAnyDBZwOAUZUXDpewOUrmKgr%2FG3svWT6NCO8JNy0IScSy5IinhTBNsq8BQ%2BIzBFzZBpeV%2FurdwcTbW0RXuyqrtjGY71MK3aP51kXsK298L%2B%2FWuAWLPkH9aZp5FV5dqjvPAKf5VsNZv2a45W%2FauEASXPfKTxXcNRlkeoRbosoDzlzuvVQGyRJq8SFhA
,印政府还在用被封杀4年的中国APP,,/l?e=f7c8jUwQC6qOoQHwWcduejfWb6jk1wr52lEn2fIkFvuEJMElUKghrTaICeXx5tCQ836zdv3KMqxsGQQKSWeBjT4qIDy%2FGlHUNGCaZF6LhYNyG%2BmaOTEwkDdSsg7b8FnuXspQXbMkwR43B68EbBNH7WgN5e9xsCMegjIO7Ue13QzqGQ%2Bu4yYMTlMyLqcvs9z%2Bguvxhe2TTH3z8ZSVNcn12zs297ei85evbtQEp2za9xZnsKgW5dN6IWVr1cx6n6XbIUujst%2FDJcAdDciINQpqF0dnLdP1AmTeIRjqTFWASQGh%2FXzrzLGuxh4NzSJjKLWvkowEKLg%2FzTiWocPcr1N34kYytnk%2FemhJwVgF47Iqk3GfPv%2BYuxgo7IGNkbEHuI6T8C2kqy9mNmMfjw
,星动剪刀手养成日记,,/l?e=b0b0FNs6aJE8XOtHHqAaxCwe6WQJIVNBrWzBwRNEKdILtpYGuuRv9U%2BduRWFbj3mQhDVbxBi5ocj6Vm3g6x2Y7b%2B5RPnypUI%2B9ZmM4LRQkM02wNj49TRabaZtw0j1kLqgQWEpyUCp0hxOqe3gN1bK23OO7knoyZ3452FKTg5gF4r%2BOt1pdWot4G%2BB3ZQ5Se3EU7aqF9Wemzk11YGWHAj%2Ff%2Bvl04t744Y0IpGJsp5K7SDvNIJ8rs4OtxXn7TJtePp2sx0CDYkZ8aUFyYhgCfEjcoyA7OlfoqhVw%2Btw7hiOq7dcOO1kC1JL17q
,鹿晗回应喝多了,,/l?e=ad2006zvoCwPvC7YXLPCAJQEIzhwfsLdm2d9Kwsu2xgJQjaSc%2F5hCzKzI6dUiqzWyN1ly%2FtJLDEye8yErylZBYNMfBhvKMO8Z%2F1GbUxHtZ7P%2FY89MjakmHQZNYIbzRxER0OUbswJTKG78KIJO%2BWV2ZTHuM6aIDIep2jpuGh3SquWSvD%2Fxmti3Uv8qjN4WQ3Qf9F8c1zSscBEYvVwjsR%2FeEDZtJBASklJZV3U%2BAut7MzQSNzlqdiTtnOft%2F43zuqNzzXmxUV1yYSV%2BMWe
,蛇年春晚标识有什么寓意,,/l?e=4f37hd%2FmXtNEP3RN9J11JUXIk3bh4kdJ7w8s0A0Iyr%2FOJpkhuika%2FymRyop%2Fu7rLhMZ3WwbCBcsONIgt%2BL6N4V9rPcs6HqAsmPMm5Ulhl8jPs0eumSsM%2FV3ujI9Mo4jf%2BrFvy1IAH3qDfF2BorkbSfqMPhBbUHway%2FL1M2PfAnWO3CPxyZfPQKf4x1cwiFYSbSqaeMC3jL65TCYRBD8m0gce%2F4BKC2wrSeIeFXPgSYQIpx0uJMIA57MWyKs1QBNK4bz%2BJEIs6Sk21vXOAhE9zJliR1IgM4Olk3dNFOdK3%2BAv0DviVLPHHuWMomDSiW8sz8pt%2BpJn3mOkznRjD07RnYmza166cUb2
,A股三大指数11月收红,,/l?e=d5efRp%2FEbm43aiJ0L8cC8ZaKhHY8YkbObJbCUHwLzJ3KmzKv4YQmr2r5CFgsS%2FSjNlr6ehaDBI48ZrAmh%2Bjfzq9eQFxinTVZxnaznKfCESbPIuL47QPOu9opKGehbzm0zpB4hvo2dAebbN6FaLTS9n52wkRqUqxJ02SeiPbH1LBlOxLraDpLsd6ZuCrhSnFLK17Ssc9Cymynt9NXWQe8huUhU2B%2BZBfMct4ehAdOS7re2LzYRL%2Fu57GBPmy00ZFlX%2BFFuEIc0tDl5x5qxpHivK8Fp9vYWsXduVxR7AT7
,韩国人的精致穷,,/l?e=9a92PIgCAfsPlo4y3PsXLJGTMoVWe9D93s%2B1J%2BUJmj93PAnVSNOB8aS87Z441XWEGEnZdpaoNugQiBHw1NgfjnfqAPU9I%2F9PRLY3zO9lIX77%2B%2BnyqpPm7z7tNrC1w3K6D5ZNOJXxVDBW%2F16UaSzP59O0aFlbZxTRWuzfI8g4DXI7rfVbGP9Zeh5%2FgNtRNtgapniTrfan4p5vdnksDrt2olHakgQ2Xn48do5zla2ZFsTSDXfnt3bH9sj6DtU9yI8miQ6PEJsEZGwNSkBX
,17名男女KTV聚众吸毒被一锅端,,/l?e=c932%2Fjr85ICPFs4YpATt7PmVkJqumrkHt5HdsJJ0roUzCq5OjvnBwM3uoSbdFl3cLMTQc89XbcgtGroIxYKO7Lh09kJf%2FJRJzlHXdzX6wHIj6B%2BYD%2BT3fNM64gRbRRWdhMP0gJLrrhLnar1%2BbotxKI8LK2Z02rQ9dQX2e%2FP0sWrSUUw5tZ4HpyvcIyWFv%2FQMWYDhDL3NGQNJMD%2FiECO9D3c4r1eZEPqu2UaU3gmeskwOVf5Y8qjRMfL3kVcQ%2FDX9MDXUnlizUZgRASYHBFKCmgKaAeVz6yJyEjX6FPKV3gfmeFnEym6thc9GB9SMa8m0xZiwf9Qp8MlccVHSS3%2FitGcFzPZ%2BMueSSR9Ksi4
,鹿晗好拽,,/l?e=83b5j6U25sZRbGOg7xr%2FXUNlanBaAVTjd6z2Hun0T5UxmkYvIdUrn%2BlgYfz0yuH0Qw6WVXkHKeW4MrbQ9fQWvnqFnJsdAwttLuy7TaQFvdikG2b0Yl2Kbr6o6K4xJI%2FAq0RwsCPzgnYuOpb5XsBn8UlzK5SzqEpXLflz4nw49PwYZXAVQn3MFvBT9G7TXPJHQVdGEElsthwttnFAzBcy
,再见爱人4第七期视频没了,,/l?e=76ddZ1timd02QxMF20uyv6IJ9HySFTRtCXoG48Zb197yZ3CmOpTHqFyHIsagHF9pdgeJGLqtkkJnCGO0irXOZR2HRS%2FMHXs5%2BiQkeqoNkO2ceI%2BMk4f6cEbBUrCiSKyRCDG60jgGwOZ55KhjG3GWbUryD608yKabuEcgjpdt5z4%2FLlMUuDRTUap66sG40GMPNszCK7R3PKlhwFhdhYdk7ouEhxwKvN3%2Bl9QHF%2FEnvZrCQLj75yrvusRlAmSM5ShVwu9DcMBcMv2luGvsms%2FGsjPM%2BietpzQN41j4WuFV8tBqbRYpKRBISZznB0oKa%2BV3llYbyIX0TQwPmiMntnHrzNgGPszxdJWQ%2BA
,导致胃癌的6个高危因素,,/l?e=c18fR2IT3x%2Fo9S6VTd54PE1F4MaioYDjI2xVU4b5dPQkZIuZOCfcNB%2BOxPjzK65oDbHWQ0qFt2fCv3aFUqGfzpuii2FWWESBepAaxMcBH6ThRi%2FE7vE9ImmEuqp3Tmv1IVdXPwOVSmL9B87jXf7nALt2DDw9fswU3vwoXpXksejUoowmTLDlNAwEvlcUr0oYthSO%2BvNLIrOPZ5fmVUSSt8N%2BZp4KwoSy%2FQuleZemGZzD4SiyDMo9p6ZDkq%2Fa%2Bgb%2FufzUaBJ1agHz66MEpraZxBGYZn8YX%2BAzTuyh3Am2Wp%2F0ChlUvXAvvtmc3dm6S7sQ1aTeK1%2FxWE2law
,黄雅琼回应郑思维退出国际赛场,,/l?e=3033IKcnpuJcsGy6zzVss86L4aNNiuGlsOCCMcdJw9%2F%2FGAyA5og02IKdBUHqoxFUzjxv9Zj7PWcm0r7tCmoUPr4I3Z0aM3Kj90BgxmCdrqbKXBUI2bdMW8cXS0OVHO6DyXJAUvKGPyQb4%2Fn81EdpurEtq5dDzjyhJhtuReoIsx6bRYpuhE25ciWkokv0yKCEKMeIygxMdz6FajRxGiIYYR4VzkJ8LKZmVAuhnDOG5fFAXuW%2BGnkH%2Fn7zGzvTEeLUQuipbFQrQMCP%2BmC6r7oztUDseMArfG42s3ujfFrQDm3Vdm63rOay4vbVtF%2FOkckRNnNxoIPvOyJBJ1AuVELgUf1pes1k8UdXVWXU%2F9x%2BKmya6YdDAtkxa4DPo8RuAmddUU6BPqspilILK9kt74OqW7y%2FAx1K
,美国女子抱婴儿袭警母女都被射杀,,/l?e=087cFtJTEjTxJhZZR2YE%2FhZ%2BLgohaFRduzKhxCDzBkJ%2BdoJsyUuin%2FkLWFz44L6uAQ7PQ%2B%2BpOBn72Xch9n15GhPX%2BHu7XUeZW67tWkQU%2F%2FRXjHZNWSjOfubmm9zby2kFpKsZUkYkV2XEVvLZdqDajcXQgKPEGJ66r%2BlChcxpKs4NFqKNigUXO5GnGd84g6TT05cuMiqTtu%2FkV%2BaWmQPRwc2OdrrPN8hXfBK3HhCXk662HOiasfnAn63ZnuXkb7rJW0AwYXDoIM9L0PuJp9o5kKt3W%2FzzieZ6d1euBoCDSjPz3fTf%2ByuZ1fXVNGaPVd2MMWn8Zz3qC5JswU%2BOZfDt8K4XMWtxThzAuK21rbhxugYXHP09uD0NP7Lt9sBzAIrh6KrPioMvHyXh1x753OPsdmtN3ZdDCAXtvF9JJ7waFv5KjgMV
,官方公布冷藏车厢内8人窒息死亡详情,,/l?e=3a95zuYY7Cpns0TDtj8%2F7%2F4L8fruPtdTBe7X396sGnseKO0%2FcJYusz4GDgf6sj0XCxnWCcYcSyQ6bFkQy6G8zIPa8PSyOzj6LlKqxefyQFtHph9FbUr5Gf%2F2%2BPYiosqZM4hzAfmVGQRFUk3QrDLf5DDQoDKytCWx8YSG4g5ROhaHBVRLWVsI%2Fq6AkL%2BCA4I2En6fzcoMQDFUj9sHPe7nVNPBfZ0nyqBLEjLKbs7GYLQ%2FCHBl%2BE2StfB%2BlPxh2t11V%2BdCExCX2H%2FaaD%2Fru5hF7xu3bgYP0FY27MhqBWWUdUpkROLBZoIafoFWqRq1JZIH5zx0xp3r9Rn7xiGXFGTRO72u0fKiupuQXC7Ck97m6ZVjtDp51qfIjW0jv5O1xvHXm9yq10Nm4%2FltZJ3Pea9B3XdAGGeP0oyaRM9bUF1ts6jGrKS9CbyCrbdHHuOeRL%2FKUjhjPw
,蛇年春晚看九命相柳,,/l?e=eeedaSNiBP5TLbocrGzGunQLor52Mya6gDFv9oo99NXceSGHz4FVJ144dY2Lk%2BYEIzgGVKKdxQ9EBUOSGVzr2euzsEJYziuAWT6rv4SuEW6DiQVQDcTi7vHH04W%2BefsHB0wiuBq%2FC2%2Fx7lwaS%2BAxEe5CGpNl404TEUHrQWdElTZ%2BCzBS4aAXgrXDvpBSc3wl9udkcjhzvqZSiUKBOMqdZ1nn82Bf89TGLmXOLgWez1NgJCvsJOuNRTOm7oDUfHDQhyHNosDrI0BSKtF%2Fz7y44RTMzm%2BLjO%2FbhIRHefYvPlDDGWunn5qMIySN
,张婧仪眉骨阴影,,/l?e=f63cKQhTMk0bn44RwlYLAzPR02XiF7bB874E9OM1HzP7HXbFwaO4%2BxL6F3xwaLJJsYA2Q50R68ur8ySjO81Xafw35CufKWx%2BT2q5SE669EPjFfSGtxGrOsLIEFpo5WeGgr6Ln6Zt1UuGIHlDQdSQgS%2Bsg1nHoqktj%2FvQEgu9%2FBFS9eyxd1DpqELpG6%2FxBBTxI6IoaMZmKb0daNq0buOGCUXwFXNs966rU60Q3qrYo%2BEUfV54uljYSAaDTDOS8%2B0ZdFXA8GqXHUvacWFN
,打游戏一直稳是什么体验,,/l?e=38c9hAELGRjF6%2BjGcw1yliCe4FmAy2HstErdozeoouQllgW9s4Ark%2BEjYdOzsW9p9dBJJz%2Fi%2FE1A4co46h%2FEEFPhUylrhxkGrf0WO%2FwOopQlfPPf5vn9cbJ9v5H3gYR9TSdTdMSJyVkBFp6T60d0iw4mU%2BCjIdK07hjGs7A4RErgiGpg3%2BhxDAuv8f3efAPMtf937KIQdsDZVC6%2BcLyAZFkl8vvmlyMpikInWXenkgtU7Wie%2Be7h%2FVfxVnOVyOcM6P5woXRY97mKOV2PXBfXct9cIvwWgyfOT1gVQ7hV313NnpCh72i7AfkzYAF%2Boqk3yT48ras9WYPERzZGQPKEWS5knAyy3g9t
,中国游客在马尔代夫潜水遭鲨鱼咬头,,/l?e=4d16cC%2FtzVs6J%2BqTJKOqyUjMdDZk1oKUMBtewxpg1pCYCQ7Lyy%2B7GQ6g0%2F7O7fNKR%2FRzxxciIjCmFwgmwgGxNoglA2ftiVL%2F2a%2F%2BN0TfaZd4ihUl8uXD%2FA1HrqohxU4rrMbliT3WXCJ9vh7RQ8dQ0%2FI7WUKhrm8PqfV4lmcgIIxHUrpWF7fq5Zirp0Ey3riAigPL1sFLJGkWVMbrT%2B3hwLnTQGqmxzu2VU%2B7LZfgt8OX%2BCQXLYdKVzw2fkmXFXFxmw4J23YcAbh92asYqO3CNlpm0x%2Fvr6NJ1%2B0rtqsZAraCYnXkWcYzshBAHRphsp%2FigYm7C77AIW8N9sNfuTbZRqPE%2BL5degVFsytYPNN5bR1hct787HJFNDZ9hxw0BstMbW8Gv7u18DINgSW9UVayzoBJg4lX%2F%2BxywTFkW3WUKE4sqR03m9Bv5XqvNNIKMSFy4Dhj
,周密把周芯竹买话筒的钱转给她了,,/l?e=2a26uoQnjPrlxaHI1LLpxerTDno4ctOPVqez63m0z6g8zWlNEBw0jtbyVlP1Kf%2BoOsIhUS16edPdLofcesY4gL5Zpnee67viyFRcmiSbYsKaZH2rDnME2qXN0Cen2zxHd%2FPiI9rgM50TMELs7YLxJny2I873r7%2F1X0hekuW3c1JPOadr1HBPqK1ECY5BAXG7s%2FYQIg88GMCBrmnG5ADxVLiRdCtPx5a%2FMwM5JTkhO9gMYqWAyqomi9RR2INvvrVSjitFV%2FcR%2F%2Fq861LsiUu2q%2FuKwpK8m85CQ8TfqOkZbgALXa2Se9F%2BO1EqXwGdfJ3E4HqlOg4HMyfarh%2FYg9ndpRwppaONYl%2BSnCAy%2FWoD1Cv9fybPjMqFAA%2FUUAaCLH2CPQDfTOI5Om8MMSHPWYNQEGov2oPhGnVf6f66ROIq7d8tX7CY
,冯绍峰接想想放学回家,,/l?e=0f674dPqRlLV9w6WXSEde7aQeFSfYC5r50gDzlURKNsTyqRpPC2Q4Q5g8Soyig36oNW2CMoUUkcnQRl%2FF7lNPPhYBFCKwderEowVwi622DVS5uPLW9z%2Fmfse6ym8wopbO7W026VwlBTMepf1vFVIUJNZQofbU2524e2I%2FDx7mMJI5jMKTEI0SUmTjjDCRWuelnJxS97AMGVjnKcbRhC43u%2BZEnUa51A2AZkG8PA4g5VrES08L13TeAQeqFARnKJfcKn8TO6BMfv6BXDrOeKcOWLc6R0wmjTJRPRoXV8ifMpNU0s8wNdIFZhNnPHKqMgZUUr1%2F1BgO97q
,林一长沙活动取消,,/l?e=c503JVtWEJ%2BF5xCBdUSL7zGXR%2F%2FDRGoaYtENhH9%2Fz%2F9k25CfxMfvkr0ANVoMiIkSCM9DfQWr23zsSAyfMw5O0uPdgo8696Z2Y7CRHN2XMV0gTIu56S7572CYY6e2YvCq%2FXCyoDxP5ga9pQK3G3HFUFecXXlGdpgebC4mUg6yFDEzSn1oTrr%2FgFQlgAFLRZdDh6sQDQ03yRVB2G75kwQqPMxd1IsSfYO4m8EZQBm3v6SnQMuHBSXAoc8qL9vCJnhqR3r%2FWDwTe2Ttl0vCHBnlHkfjkS9p8CcMk9dw
,郑思维回复樊振东祝你我都一樊风顺,,/l?e=ce92vkEpgtq62uyq8EPlZRVceNF1TESpd2WqV98El20i8IWO%2FJbK639Q%2BVPtidiQmpDaLVYEw58claACcWLJkkO9kyjt7JEtcWeGHvqMS5q7tQj0TYlFpwXjk7X78QEsV4zysLFYEkdCKkITor0igsAAl6rZN01Nx7rUsy9lijSwUKVM9Qu7TO7KKvX3Z01LsK3f%2BJvvrUK%2Frg1D8cZPp%2FmO5NLChwVAG2yet%2FCO%2FZmpG65%2F22%2FL4RkMK9AOEuJskggnF%2FMRiNr0XMJyhTF1uoeoeK6QxyHWmwaSdYrLygcgg2HP5d3MTCk1Z%2FP0Jwq%2FnDNO0IbixEeObzuHkWnOu1MjxwA8eopHrY0hkoqanqh7UPqDTF8BXy9QwSgXzIrdhr%2B4C8UVao2FR3aw144SpgWYa6M3yf5KFfzeQTVjrrBivY%2Fyf4tJr%2Fhqs3EEg2Wv8x4z
,安以轩老公被判处13年有期徒刑,,/l?e=09b0ql2g5Myr%2BWp3In%2BM%2BIg1RRfU47GnZtdBaQypqT3HueSZKbPzGr2J9ibyL4VCl0bgub4gZ6cu9rASpS4zvfFbytYyNvZ0WYMXJnI6MM9iCYRLhYbDzKiuF6Z%2BYq5Nhr3TghBRN0xUyTp2TzO5m6LHidYdObsxLcjZm3AtXZHXbi74dHjquOdvSbYcboodExkkXKegJidsfpih6jwhp%2B642BwDAw4s9JlrQ99mAftcrR9tiGcewy93bQJdYkGUg4W78PCHl0xNOmEvAfceC96FPZN6Fu2cZgBZ8IjnzhVG8Rwd0w6Nq%2BTEEj%2BtPs1tk%2BbaXdfbbelWlygSoxbibnE33OjUSFoUC7YTWDRk0a82jkTHJD5VOxCv0JXhHD2mMXlIRE%2FrkSg
,女子在中医诊所遭性侵医生被刑拘,,/l?e=96252wvwRxD2wvejNhVGWd65aS8bLokqoNOUenqtSHUI%2BvY8p4Z2jw%2FAS900qQymdMkx122XVlVlS%2B5D0%2FbZAhZfyaEtxmjMbKOLvRtKFDgy2X8ksUTgmXEhl2Kmw%2Bhzy%2BS5IEJ%2B4cU0GyzXaL2Xk9Ny305pUdDhb1CoRNSjubwJmf%2FodIzqvY9PwUba1YUymnnSFXFeYbwfNs3UZlJdlC8eKajRfL%2BWaDf9C3spycEs3QQNnrcI2kQTe0qRnO%2FIYRxUBQc%2BpEGlzEOSYzFt3dg5JaQqNrtyj96HL7o6jl%2FfVwVtn3Cc99eSzafLcpDJEMJlvTo9X64Xl%2FtlVN%2BUIrpT9NSUYih7RIHBdwMTHQ7UUh6Dw%2B29bygOxCP%2F5VB7bjAyq73Ff2bDLJVrMtn%2Bl9TR8FAdG%2FjF%2B3vjcFEuyWVirvXV
,蛇年春晚官宣,,/l?e=e9ecq6Cqis%2B6DjMuIkEZNIroku2ATok0oJ11XePIxvad5ATsq8YqREwfWM%2BKbJTxxzALRmxqwNHHjwoB%2FXGfFvl5SdiY%2FAtNTCipx0n3nOaBcfBmcgQoyGEiSH1Xm0GySguC1j%2F8aWY3OQsbNvg6yvRezscAej28BxjfJKKFNiBkTA3umMer7Y8292S8r1F8y1B2lRQs%2F17TnmWsbRxv89xtq51jmOMBmoBUv1d36YrbnZcEhoYR0vuGtCaA
,郑思维说我在杭州等你,,/l?e=74abhx0rOFHShdfLsE%2FfbZe9aOiUCZDIHgKajqZoX1%2BMRkDe71wLVAiTupMa2I%2FI4NX8PYdbcPD7tTKEcvY2OsONGtLl0w9CZ7wK7udORTBjs%2FMAor0mdT4FFRpsbZSRmE7kQHgc%2F2rASy5I%2BZ3ztMSmylGIGgJZBMqq94m5a9XlzndKeevg4YhdnyGLb63R01h89bDHOOlsH4s%2FT9lo0iWVo8itGyn3pIjxkZ3UwWyfiWFPiBAwoUpLh3cls4Ud4TuVEtpeHyNJAl7bZbN3g1fLMSXLz3urPfMldkYSKJeXZeHFKMlPX1dJNL2DfkUEYb8YNQr5jOPr
,王源头像P了个新帽子,,/l?e=ac1aFSl5CqRpdD5H8L2n0DzxeTFqiiBQK3%2BhLRsb4C50gteK8EcC2EmLDltn5bQGMqa0neQ4Op6bhbDU5Gj40FngllvlDs2JOVjCHwlGq3Inmz1iyYYhLjtfprlwswbHojS%2FLfkU2O4z%2FEa9%2FNElNtgY2eJWK6agDBzsgjlD7MDgPdqPxp6WMAA0JLei10hyHHtXc%2FwCeZDPruLilvo4mjUTZT0pu6h%2FOBb0T%2Ftwiz45YwWKbf%2BObkQ%2FGLUOBgOuC5FlP1fG%2F3rMXtHUmNhkpD1C4t56ri1rz0%2BtUZoxpcmXMfZMgVdGc7L5SQ
,为什么刑侦剧多在东北拍,,/l?e=859bRSMFFtykmGS3980VNCYKo84bM8FRcILBVfUn%2BbsI5t5FjFxUGEeMWG02CvES3seoeqpczaz2%2FyCBtoLXhk%2FAhvj1ktu4S4t6kID3MbGVdVnikmk6UCskdSD6ORNUyO3BDif7b8r4fZT8L6fzEqSJxJ8JOmvZ0ze191pE%2FfZi%2Bu7WySqXiKXknb%2BPfw2bU840JunXJ7%2FYGx3UicSngu%2BuYOjceAENGhWBV8RQ2BJgyh4ec8BGXnDp4QNSWCPkJmDCek9tmd0GNU0VISQRMDhZUFaDjvJ%2BXtYIS3%2FZGQrZvi%2FzSbNSKFJc5H10xXjDyeZPkl%2Fmi7cWJzIRD2U1tl1MTzOql%2F1%2B
,iQOONeo10双芯战神,,/l?e=24a5tK3GLjgnN47lbTnapOHNrx8W6MJtId%2FP6OadqOaJ1KTxmMQx%2Ft%2FEYoF4HeON1UTiB6mMgU8Pmt3gON%2FCbQSxB1x%2BrucfzHWUwLgpbicHOr%2FVfLi7zctNE%2BlAmegTGB2YltW3nPvFk%2B3xAi1%2BT7zajpnTjjrVzT5wgTmFnP76htp%2BgTJBCtFghsX6lHcbpi7%2FYLBMVdV0iDckLOfDG72fwWs7kGdt
,辅警因为一次好奇9年后救了一条命,,/l?e=26152w%2BhT6vV4ySKdiQOEDsi9ihLXa8rIWdcHt8Nx7y0PbvfxcAW6QAwuqnk14BB0KpAe0p7AGpg0Cq%2FNsaH%2BfpXmNMOD7u0EVo47D0q70hJINPTp%2FfhYag4gRRubKLpf2kBi%2B2AmqAwJkItnLfSb%2BDFX729wZrp4eT4mMDXN6LpNXp2poxrYHqzdBv4kqve7fs8xBWUFidPWpD0p7ohqo79i7VFlCBml1g%2B3UiJaET7pmHQTUurMF4IRB86KtP9dBaLYfh8pQruyhiv1CwEOsQmUQtZPJjaNkaLjHoJNNsPFgnI0%2BuqRZzZDsroRfvq3JOBzZJ6woTwZX2yHlfeLX2J0QMILgS8k%2BsyFZEDZnIUKan1mA%2BfhTJE9LMNqYfTLFApUwKPuf81yk1da0e%2F1zgHpjFBtsgdaJ63w%2BTjgsdrHWGwiQ
,年轻人买的水果半数是情感商品,,/l?e=cae15EdVNz6f%2F1xiGa3WO92AJNJFNCFnrQ1gGrWCJhno%2FB1uPf9Ef95d5XjAP5mdZkQlvlrDGKMni6vNOBGVeNws0Qd5yz9TvXBJoaACc9XcBdTTHfq2gaC39Lq4kr6cGqEI9wmGMdGWOFAPmIAO3pD%2FwejNlAQzoimK5rG1urrJluTkHeQgsrVpx2s20zggBlh57hh%2FHQeytMzUvnvqD5yvRQQbQcKy0zw92AEDTpJidznJ1dasbGiIrJYnjMQdSNjrlkbUDl4pdxWEa53zpAnQ6zDpxyeNTtbHCoWHITZr%2FXxTJpbsE1w8LWQP22EFGEutpfGEJr9D0PmJXSG%2BeLMfzQqZjSeV%2BBrNwWN%2BXclv9D0bXpFsMrRRfP07gtDiqItp5OwpPZ%2FJbjR5KGUTWw%2F2h6Yp
,周翊然周放一搭嫂弟二搭姑侄,,/l?e=e43dPDyd7X3h2TRNhSfdLMaLBXfc25I44SAKqENP55nXECuBxwdDDfJfuIw7auOnrWUwdeb5amvvYkVPS86bZt2gB9m6TPLdJ4HFplQefvARQJqIWzUsJf7zMFpas5jXvXs673w%2Bkg2kEP80SR2JTlev4awEwcpArpeX6d9x0fo3YWVxYTjtHjKyyH24LycGLHLAclXDZmVxRmc%2B6R2UaLvQtmCVMGvVUVSHQB4aV8UHYIH%2BCEF%2F%2BzDvkDBZrQ1xyzZVexfTxdHLVTwYoIN8Lxbg%2Fy8Oslb%2BiVxchqVhefM0UZxJ%2FmjhEulFnO0pMRh%2FItxJEly7HspZzKJSD7xP1aL0NHiHcYM%2BjlAs7TjHISOslfDrDROBEL6iw8iG24xMJ8ifqgoS
,优衣库客服已读不回,,/l?e=6bbergdLBW7eam%2BWR6xKB233xSN7D2MY%2Fs8tyvFttaA7ziakBRvqnPWWmRahyfO0X95sxBU%2F2865c9CHs47633Uz%2BR0W%2FveUugZOROoaowWdWtqR4W%2B%2BEBVZw%2FfoozC9rs%2F9hmLC75pFArjvhOfvFZnZ4dzpfh%2B9nZwysXosXL4n8uzJmu6TCydlawBtspRIVxCguLzNrExnXsFYw1nom0rLbWCGZDgIv7uPSA4pCTwJt0AXA2D%2Bl8wdvT5bnpp4lCT9kjK7kUGynBuuNGPP9m4z3%2FmlMpKd4LoO2FS57uqBVCOLzJ8JgaV5
,国产剧奇葩婆婆又出新款了,,/l?e=c491t3STEzI72FdkanXy%2BnRogfChZ23TsasoHhrGCncMc7XtaYh%2BOSHhqVFghHoWelTNX26vcqbEliDHP1rLXgbMXmGZcVNmv6ZnzUlot3jl2cyPPHxZ9dgOSWsG1Zzj%2BpGsv6uGHH6OSeJY9yJWTT51OjXti1m8p%2FH4fHIgfr%2FPaKS5gr0tp0ufcwqI8nSytPmE3KUO69vHEE2rS3UMsVFbCxc5hyxXYrapXg2FIyVw8HujhJS8JIX7UoQJZX%2F%2Fdfg5zgRwXSxau2q1W6tsrl%2FumJvqG384sZEvMd8qHDiSLnRlrH%2F5JEtMwjswP2gpBcn%2FWXCnyBrP1Isl7bv8PoZDiNx7%2FUkI2Rxh7eKVwcL8WcVXLqcR
,丁禹兮看人深情是因为六百度近视,,/l?e=ebc4UaJkNOo0CHXaYAtxe0eFGaZfw%2BjOtPRkGUz3iqN68agqZcUFFVhm5qyF7x2BzFuvWsbxBBUm4WvqfCWDYQ3DWt4Jd%2BrzNvrlVld%2FV%2F7LpR8fzWehMIev0l4h30p5x3WJ4EUP9GXjjnl8RmgkgOHw32ibfMpG%2Bf8ArIjB0AvPHolpQbgQX%2FmvffGulsLbyTTv3OjLleBD%2FYkgprJUnFAdKDownGTGcTmNogJ3QP%2B0OKSBx%2B8noFTrYXO2IK0ALgLRqJUchatp7oqlCydwGTb7jVjmOuq2aadZEBSnAur8w%2BYsHfP9H2%2B1pH8bwFTfV14B7e1qbO%2B081pD41tcMSq8%2FDRdWHgG5Np00%2Fc3ApqWDEQ%2BL4mX3XVJdjuweLpsIw0Glo00oQ8Hk2zmKFn2NvoWIWxwgF7vjuqj9hv27VfycfdC
,樊振东对郑思维说风正一帆悬,,/l?e=5ae3xXKchROjsfiC8XpucURC%2FVa8LCXioT978sGNAhmkeJArdzjzhXaYI%2FOX1VW%2F3yk5mJPRaesnC6yHujEkM8OstJh3Firb0Prm%2FHPylcHYyGeoS3Rfc7G9Oqmc7iYU3PQXRWHuusZhuBaqY0fEREaQkZlrwDckYq3hTgxkTX2l5BCr7CphqsiRzNi3fW2hh6f7sjGDVSjHmoyD%2Fy4vqfpyRSQHELfiPn7WZ%2F3sADHPAiRys4Eyzx23%2BHPrDH00Q776nsmELZEWQw4e9PCpGWsbT3lGe1kj2%2FLz2dUOJbHHCmUDvv2sl8vI%2FxcJPs0urgwiK6nMkVQcCQmrXlLBadiGpKCV%2FyS3l41wKfVYs8kug0OLaHoUKtmWRIGuZbbEIgLRWGqQ
,TES官宣Meiko离队,,/l?e=f9e6K0oBzBXGiQz4kNCh0%2F9yJgy4GAA70OVxkZUKi7kawFBSbCL%2FkjHQZGKgYtRs9SHMc%2BFf8RKLFzVstH65SL5JmV%2F%2FQ1%2BIRbFIgnnF%2FOs6lsUNeRKG27%2BGXQVL48I61kQTCUxSA4FO7TFSckalVmSuQdaEn2scTW2QPLvK9CWgAgTy72F%2BVginSfjHeGIgsdCbIJFv6iUb02h4xvAI1IuWeTLy4ao
,王楠女儿落选国乒少年集训队,,/l?e=bdadhUunfBKy0K6N%2FUQEAgnn872gdCp%2BdHXXHHvM%2FwgNzfu12nEUTqwItZEoI20QZTnUlwsAAptc1ww5BIkqAEW88LoJulAHKOy5RI7UQR2o8c9j1SQMM9UOmch%2BXvA9RnAlpOAX%2Fb865vRPo5YS%2B8hWG%2BbTh2lP7BzOvRHAbMUTfbg9Mba7yUAyWssYj1zv9IVbenVm%2FTl84M1%2ByXwj6fqvLHYyyCTBhyMtjMwECkODgavMouHgRGL%2BhgRr%2BnIMqqdEaSsj6d%2BAy%2FacbR7KrCQM4YpurSe9K7rGT90lslyF7tW0l17aYJOxvOunsj9DwY2jS%2FhTECUAZ7eu0V9v1on1uzvqTEx4f5RVY2jXxmVpABwZYEjEKfrlEG7oha8CrP3s2ZYN
,优衣库在华业绩下滑,,/l?e=b99f%2Bm65NbsLPMgkphOOiEKfa71AdVt%2FTaUecLODdFbMNXhiQFmNUtnFds5neifvxfKXUeMgCYoiHED34cXgAO2LOfnCaMBVd%2FVfwLUMezgJF8osuEgotEsGTQXRFhBc6z2ik8sxqqz3EbOpFI%2BOmn8MHy%2FomAmU7%2BDppJ%2BgTdLa%2FlToXx1mjLEFH8xx%2Fml4yGrNc7EjDczIfWtQHiABzjDFgUpCtUWtSaw0onvXU%2B7Q3NVQO4%2BhIRbzU4Z3egQYx6KTS%2FiCXFVEcQ8P7g1Fe37bj79HDpC%2BX2b4RfeE88uXGxXoOQSr5Af1
,侵华日军日记曝光南京大屠杀新证,,/l?e=eba41qyYq1oQ6vViTbLUBwhqIklytvkj6jfr7HyMeSbdOilkko47xo9lx6DL2SeByQu8yuOm4IJgBBNmUnIcRKATVStUrRbir%2BCPfechvZwcU0UI65eJspWcBHSBIJW%2FHe85Abc9ezHg8KXZ6l2h1aLNbep0f8MCxGAmeqi0hDZao%2BC4%2BTqymrDdtPCZ0DQ5yiF1D5%2FxFJ5j77NjsYMdX4N2ofIWkg3%2BnwFNZQZzKz%2BtfHL8FevwTGkCqjGszilwRrPcy7zOllPAsNLyOUKqRJ4F5FVosBwVYae4L8Di9GCP3GVVFyHNtNGzElNM%2FAWKUVIT4uTsaG9bnRLhMiaVHLbHvDFBD6g6B%2BuS8l6ok9ODbhzngCVcoBDedim8nzL85g3yLMNmLTJeOIZOfm6QWltooWF4dU4piDRYcVG%2F8rwX7aWz
,奥斯卡宁荣荣 新还珠格格,,/l?e=7e65rg%2BhAcJoSRzyO4jKpQar0zSacbYXeHjPmHPR4OnnnFwlZzAk3rlyeNY8%2B8o%2BXQ2PLiDigQafnaubRnxAYmO0ta7xxIdm20%2BMobYSj%2FmdJT5PERyr0KEzanibAzFeCbvEzRoAK8wDopQmpJqwClaWpZZvvwiQppsyPVRgDVU8zQArb0pJwbHNe1gLtTy9suFEMuCxeuA3CyG0OiZXf329OXwaR8U%2FL4W14NgOwD3YPTrAy8H74zg%2FU8M%2FRev1ljUxfKYBWj6oxZmz4bvsWAec6XK2Eat5SheXXiFHi1GgfVRH3jmsChXDlCOuSFT9QITE0X44XwIBVHgcskdDzbUFU95MhJE5GcNv
,你家的筷子多久没换了,,/l?e=d6ac5uIp0pmYoYGXH5OLBM7GsO3MJBnWFh%2FD2OqtcwN6cTeMW4jCn1SZNeEg1mS74v%2BE5bW%2FJlckrJ1D5DN%2Bv3LksJC3ardkZkBkjcjVV7BUb3FW6XfN1yuNEzOnxfjVJj8NbR%2BLPr7fjxHOtKJ%2Fu%2Bk3rFh1xy8oIwYY1VCQ6oxTMUTlZuSANV01XDaN9ZifuydQjiHjabiKZylzMHoyN5aUeed3hb6sTndekAaZw7vO5bP79XNzluzxhXggZ7NaMKfB%2F4mh4EyGf3UgpgiNbQUdkW0IUgGFHki5gzcSbbQDywyg%2BIGl7CXcVGGLHVEUFs9f0OM1FzKk
,珠海户籍居民可一周去一次澳门,,/l?e=1408rN%2FGCZv2VMKnMInnd9DF8oo0iODCTbu85xt9rqoSrPz%2FJBVOXLFLRPLwdExPfuX6DVW742Fk93VAq84Rahv3%2BkRwpVbMZlA1I2224zRoNF816ap4HG%2FG90FgO%2B9JIQQ60b%2FYIW3lp2G2PqfzRCHRSk8RGaNUHBI%2BBlKII6UzpPTpNnIe2x%2BtCqSOoRlztwZ6RbhWfJRzgTqax5c3kajp5i0nixt4yBe3%2B4SsVh5JbMW9NMpVIVnUarOdtc4hSmNL%2B3BvpdMKI6smdmQ3nlwufdPYGUWBlZ%2BjmTRkFyfhhZNGQyEE3IIje6RO61pdsZ7RKv3yMJsjykPlTqQyJOFm8eGWq7SRfyM19U5UM1tx7TgnFOeCRuCxcskpTD%2BDQHV84xkDPYCZJlx6BwDgU6HGVta6
,杨子黄圣依 人设,,/l?e=a975MpXV0IbpKAn%2Btcz%2BBuZEd4Bw1z5wKqYR1dpfqLHCuDWyutoGR5pc%2By6z3Yo7V4a%2FYb%2BX2MbC5gjv%2FbTjlKEqIZPslAg1549tF%2FOkztaqCBBaZZUeTHMXs7ZxyKx%2BH0tNDrOyW9o4XIlpgSVZJ8pqMfJLulzMBZ2c717hplaJpmz1AoaBrOPO3Oni1FUGtPuWA0BBdVU8%2F5hUM4Ao7QVpkC5LAM9YQNodp%2BOcYlHQGXWM0pgGA55XfT%2FPalv1APlhYLZWEva5gC417zFa
,澳网亚太区外卡赛,,/l?e=8d77nUsqqnc0iRQotm7fJEo6XjXL7GGWXxIK0bDTYFIyQKVjSiMzxp78r4%2B%2Bo9aBesOG1rfuu88vuRUrx78jqLR4wAxHQqmq31Yf2nEnpoeF0xeCMkTT52qOCUkgwLMtowOnF1Wpgf5L%2BXgEy8UaR9xAbgUg1eCQgRPbF%2FiOd6Dp6FzMFxA365q5%2FPS2bzIABcCDbkGNCOUa%2FUdPrYLRSxKyRZSi%2FhYTocbEwedV%2FXyrdSPTeUaEceDH4Qzu2bH02fBJ3eJu8dzWjpjlRQhfrsM6%2FS%2BLOgW2uNFK
,儿媳控告公婆未经允许在客厅安监控,,/l?e=514cpvhfaITxtsnKxRbysLUNNGK2A7XeU%2BDLBVuQdZ80Y6T9tuTO7KodOEOVbyRrAbuWH1u%2FRj4NF1%2F6LPvwEhg2tPTPdAeB8J8lsED9QJIhOETasO04br%2BdO8UhDzIHiB0wNS2jsx5NzHseHmtaCLr1eFP16y7kQypra%2FEDoyhAUoouMLmWD6vDT0c0DmavXxrhDVVQPyXI%2B1v41LuUUdCP5mgs18bxvct%2FT9ioHiHRUgPDwjP7P8jQp3TEcyGnOi0bKT86bnRDCSFGszfwAyD6CIucZwLbJp1XVWgkKQ1A7DvfryhX%2Bv7Seb8asAZXkL7raH8vH7i9HMW0Vr%2BzowAA09J%2B3hmSEckAKjD9QNsRJ0uqXeTPPmzMsOBDIAmPb8M6nlsmMeK1VOqCvCAufiU1LDMSXwYykEnAvtVQX7yIzXFc4nNeTpQWVFj4w13tHIso
,侵华日军日记描述南京尸体如山,,/l?e=306c3kZh6KLCSBBlcyGmziQIutDo3tMVVnqgVWz6tbXTw06RngN6h1rlMtoHD3svgGgAcDZ6%2FkAl76QoZRKhUQgvL9cyUVBBvvY4vejx2qDfNato40V1BGsEbiduXiyw0Y7%2BFZQGTLuoB9Ml%2BSvqgJSz7XzhIZ815i2%2FuJBdfF%2FpyJB%2F3btBEOZUd0PuMdDQFps6gFM2HWyYP7PKWOCTIqsxnwzdiXcVV2oiTj93EYQrbEnVmso83p%2F1PfvLDQRGzn6CYEUwYDInmRBLi26bTi7U95dGy3%2FgzhqzX8Ff3%2B%2F4MdrBuPsRDYynL5SfTpT1LGCx4NepwiGUo8CHBL2hXzq0IYiHK205ERUEoUl3%2Fq80efxL3syoy%2Bz3UcLCgVqc4sytr9Bl96VyBdIEC%2FGD8Gsu5QXy
,蛇年春晚看九命相柳,,/l?e=38e94%2FwJLSmAc7O3ZL75H1fpjgOxk1N%2FrT3hr8ydNNhyJMLIEH1Xb72CrWbASsbto0xo8uAR1hwNRu5RthYBekEtqGY3OOrkncVCL0Y8XcPSUBQFx94dw15j9FhrGiEQB8rQmrewgM%2BmuHTjF4tIjztw16L2mOYCgs6Hx%2BmGxipRyGjZ5KquyNIGyPNeqXjylNGil6Cj%2Fz6CRBD11K8COPICfjB7j0lvt1MJoSXHOCgMZygjOgPgB9QuCV38nOWHlUv60GnIepOvjbfYsraLZHKB2U1EPKM%2BjVQh5Umy06%2BTB%2BE9xoEeLXFD
,张婧仪眉骨阴影,,/l?e=cc36hP0MrXufku3JcInYpEATlsXmdo4i04rLkCuER80cqr1wc4dkkGEJM5nkDPv98h6X1VHnQSss1OvcIWrL0vIjCNvHYt61BW0N%2FZ%2Fw87k9B0GJnl9OrMcykxqDdf8fSaXjAOpfeVowD1Lw9U0Rgub13bNrU%2BY6xsuaM%2BJgWXFu8k%2B5eYvgt8A4z%2B33sduEz8SYvDwcssJfPLDxCl%2Bt5ws6gSiAHZvg%2BzFMGHqGg01wFbAiwbmCb1Exbup56DJi10uV0C3pniPQJRgF
,郑思维回复樊振东祝你我都一樊风顺,,/l?e=cf41gciB3YE9Z%2FGNBFDbwaawiELJpKFbAmNzEXbXDtmlPHsoP%2F4hsWmlHDhNkv1RalLLrQDnzn6u6fOupuHZVNoihlf8V%2BPE1JDY0MFlvS%2Fhke5Uw%2BXYENy%2BLQSfGribgKRSRhRMWVZthqTSacQdCMhAQSbtLEud40rYEb1W2SYgbbNdspc5gKD336k4beJDYH9sYdpZPN5GCiBTG3NDB%2B7164o5KbyuVCnHJ9V2czVMdGNAgqKU59Yhw%2Fuz081Cyq3k84q8M%2BM1V8hk8nHo3vZYrOI3wZLLAc84FFGQbsGxPdPq80bVPjOnx5KMsFHsJSnV237m9%2B5uWjG17WutzlHyI19JQfFnrQTyFqpWPInX2g2R34XG6QqE6haTIG9WBjBvHgVmEiIWG9LWh74K2V6Rmkc6jDVB6AnG%2BSrx0fM%2BkqK6cdwwFk68pzGOG%2Ftxm6Ap
,安以轩老公被判处13年有期徒刑,,/l?e=0dfbxqF1aNYqr9IQeETlMHJyMMuaBSr6LnomVexGbvUQzeFlgEo2A2UQZvXVKQAfIJRJ2MDOU0Rv6ngcVmKg6k0WTf5Qo7DD66h7htMEc9jVspWAFtJdjGK04hV0Z%2BjWQ1npz4h3Q%2Bx4%2F2LsR87A8WrnhB4HSfM7oapFgZO%2BtqCq8RCSApqBONLICpNqWLMyA1y4x0kqt9JiwFfLVcGAeU3m9sr7V59%2FcX8Za6%2BYw0Y57MJO8NbF4J7U0l9hV9ogpgFvKJCVE16vZ3FYayo1uFJ0EqnoEBFDYhIRv%2FM2jBjNpyaXYE0tzU7CmYkGfFU%2BaQtLOlnY3xWP9faYQE2obsKjM%2FGpHcpeli5G6lLfCHhoEsXQTr7UmaPop%2Fj66JUyHzGxNQkD5so
,iQOONeo10双芯战神,,/l?e=6e5aUaXS0hWTKqVJFtnWM%2Bj%2BrHK4LM22l6WxEo6%2FJk508Q%2FRRopm4yJr2TjuQDCzUxaiisVvnMZfR5KDBAIkK2%2FP8YRqV%2B0SSW6oFk2umtK00OBAv43F%2F5FlKxGgiZxVcVVTABaIVXY7VwIvxSW4p4oM%2FK1GfGaq6Lg8yf3d6dDwTyGTcWQDUht660bsppxhQdJBWNL%2FVplFalQJQrSRElmo8dX%2FT9UE
,周翊然周放一搭嫂弟二搭姑侄,,/l?e=1e8a3r2Dq7xjgGbbNI4S2dVDVEt4SRBPk9rL4UZxwlvgIb%2FreW7x0Sz1GLpXGqAwGHlz6ss4HhEiWxHtkqo9JyEbfDorMtmnppfpGnDZYMF5fG7h04X8HpQa9%2BhSWd9FgqyMyEdei8zaq%2Bo7l27oE%2FexeFMuBbRa9oNyU5Hf4AkvLWgKDOqBmpVVirPeokCeC22OgMz8SSr7FCJMbiA3wI4JpFAJdGgle3Xavs8q4YAJRKGljp1ZqPe4DQZQHFFq90UN%2Bx5YoXYgzirkkN1ZCOFIAFqjOQ8BkmJcHpmac5h%2B9FJR%2FdhDnqjEFWIxh5WoXfi9LEwYUURUPTsI1CGnuq9FJGwh1wc8DafyZ%2BoshMkywEtfUF1xx83pIONPgmFyM7fKyk7r
,优衣库客服已读不回,,/l?e=ce55Ucua93And7vqG6Kr8EN%2BxU9LBwDF9%2FEvh1pFc%2BLiVx64l1%2BC7SM1lRGW4iULVakW7J6uG3LMAcBFnjhWq241HsT56o7GeueetI3FP1%2BesAbmeyf37EbuOPwtd7P2v3e3roOvP4cH7jPh%2BCJW%2BqQ6NCQZZJJBvFO3zIjLCUjhOAnMZBUuc5ramlSDSkqm%2F%2FDd39MnEU%2BhQYeuN7IwPXbttPMmf0Ps01MMLYaFu3KGB3bRUXDH%2FATOUESJa731XdrbhHRGczP36wcXKBEZpFZlw%2B3rihJxxwo1MvoUCLZDvItAt7ryE6Kj
,樊振东对郑思维说风正一帆悬,,/l?e=2247Se9a6VuJzeW81tHvzeNexLxJbmsZoplaq90%2F60jFCrrbySWNcQf3qNg1owjU55vqdgdHXhh8pst%2B3Tgo4Tuf6qrJOarIwJhyfLfhsMwFbYmlwwzWlA%2BHvoe3tz33v15%2Bl0LqsCJrLSxR%2F2yjyU6IxQJwOk2piAoW8be4LmdMeTbRGoIskdDHaEj%2FRtwk2UgWDBbQiVBcF2fnS3wjFqCEQBsGuqn6MOHzGUlMre7ijcFXmvuRfWAMegJPp0C2LWpU6h9Zb0xbJYruuVPsTRu5hEf%2FWBbxgIAa5DqiyqsbnucDuEZHIgfIqd3JUuXsnqY740vaBB3dqw%2FfZlgxthyRVoEz7IQwwMxvr%2BiwU36gksJaXH9E0BlN8Ly2SjKa1rlqDFpq
,优衣库在华业绩下滑,,/l?e=8c56%2FBSIic%2BtfeKMDOiA3LrkT7mXPlw7Q5lCrFpdg0NKB9ORUjVpBtHZpA22Y3HFU2%2FUGZfcMRA6eRuZfVL9MZK12ndBZWwmM5FGkWCZU9haPcTbnWNPYV8cj54pnUfvwNit5EA6yFC73hef03%2FMr7BLIGBS59z%2F%2FKjCq1BokkiRasXbPY7ivUnghsnxbf68j9Rxd%2B4321g6xzEVZA%2BKXuqQTf756ntqVy%2FdLXXfcGps6k6N2bhQujxl1Az6xWYEfKwj3RyKh7hTGo3sGgNBi3%2FyEEx8wKCd2Cb4aLt2kDrZ2pfeCYerv0Vb
,2025杂志超全订阅攻略,,/l?e=778appecgaiWGfgA1T25BayXSQmTDe0EUylXpM06Qk9vT7O1FvFBIkaiBIFnKoxAxHdmk8MEW3tXqBIwyZ%2Blb4LtsE%2BtU%2BotRs67%2FXXezpOFfqq3%2BSvHyTleoVFc4yAEm8XULoM%2F6lsgTNmEOYEaNBtCMlkUWTTgjZaSx5xteISiCQhIp9oayaeOfzEYW3grP2xjb7%2FF5u7Qs0CvjF4iwAZEwJJUOUTx3xhfOLxGNYF4Cf3Ubz8lTMotEPm%2BuXSR0D%2FREClzD80Ma4h1faaTj%2FmwQUeuYIaMCEWvwGJRuw
,一年一度晒家大赛,,/l?e=4c9d0papMVZi0J1lWyPb4mBHP4%2Bs%2FGegVGbZHUcmMO7v4ZgIcx3LYcODXVUrf28ePB72QyEPQ95Jpicso4rP7FAiu2GGo5SnxHEbivEK1s7TI%2Bo8snqYNXCPZktgoBHmpDGPY890aYGzEe0r8X9vnaQ9MkOiCk%2BI3c6OHmLLEarfyXGYVetbX3QQn0nEFdnQxwHpHIN4lysVkTnYhXnaHp0SW6EQFnO4VpodJStViDDFPs7Ci3vuXJbRZLUFWVfDCjbgRQbGKkm1jxLUNiZQGY6rGQuQPSpFP4dg
,A股三大指数11月收红,,/l?e=617aPeRf%2BHGYhPTDvnfXgmUEul91A%2F8KHiHSbbmmHtDxlxKGQY%2BakQksiAM490GiCXWlQbVUyMyip6Zms5dNBQGIbaRkvHzVM%2BqbyvPIM76OqOwOL6L2JV3iS7vEld7%2FBpgJtx71wGfbiUFkUPSz0DULxevERzUVke9Iq2oJbVyVfct3L7ZpegFKSxF%2FgTm%2FAV2uxtZ8vLHwY03ovtdSbnNlATfxRtVWGslQAk1Rv%2FXwahEzcsa7tN0bdKSRisK699pAZ%2FeRagfThXJEVVNofSDkKQ0qt96tgK7hb8o2
,澳网亚太区外卡赛,,/l?e=b124P5m9WvIJuf8IQ1VcMJzRIX3Ez2ROZmilP2Tca%2F4DA8OUUFgBgg7Dgrau5VYmjhyYCgggh9ID6vpOX%2FYZhGESGRrAjdFrdX13CgBieHICIweeE9Mjw5UpU5pGxpRG9jwAHY1hPP40WY0y%2FTPbg%2BHWSIB%2ByPR7xRyhMoB7ZLn3eZ%2Bvt4mazvo3vH%2FqU6FW4mPmMa2ESjgS%2Bbgujp%2F3nGJr2YL4JlwAs4d2%2BJwOLVTBp0%2BhPhDwPWn%2FoY7PRB%2FCNdMWYvHRg7htXfqhRtFVC0DD8e1YwwAE%2Fksd
,龚俊城市雨夜撑伞照,,/l?e=adf2nnnAUik9QZ5HdearLbCsj7Qyv2MQ2eonOUrxjiSsxdU%2FkkjnYHxH6Ft0yQQa9f6LIzUXgtQOLQ9p9X9Vh74b4pFkD36RDoC7jEisKnpziq2Ez8mEn9Ykpc9E9J4gqxYEvr846eV7vnAhttWw5WI9mM9CRVt5oqozYJHinQSZWK4zy9CMW6JJ2oMqgbdgeoofCDrqGEuFwgreAxjavgvhDQ7Ej4xZxSUgDCG%2B1jZxgjEvjHKWl%2Bwz%2Fj0INohiDHnFgBsLPEq4pSpgVJg8Ps0ld9ZNwiOhQOw0EPUaeGkVz1OejZ0G23hF
,郑思维说我在杭州等你,,/l?e=9f58v9D%2FUGlr9Y%2Bh%2FGFmN3hBtIrh8hMlkvUgZpe9krg1uKG3FKkVeerRcMwCFhfTG1HXSIB46%2FExKHN952OE9mFU4lBw%2FHB5Gz8XnaRiQXfccfoHca8rB4G%2BPCm03AjaZyxH1f5hc9iKj9M1W7oOHJdlsA9TJKaZR3J6wdNkDEyHNyVblh7iiHV4Qm%2FwbO%2FJYqHSyWU%2Bd1pcttNM9vlq2Y5I0%2B%2FiO6a4EztkU57%2FtlxP1RpVtdjz7t19Z6P0xM9jK3nFPle%2BZ7ZoiZ3ljH6SvkxcsLmnzHCDh%2BLS7OGjYj3A8i6Uo2Y7UApOVNG50%2FjE5gffCRjKsMjE
,林允滑雪妆,,/l?e=ee26nTa5i%2BLfisv4YQs0EZa9AZ03XnbVCp5TWFh0FPDBXCpGQnHJ%2FNjUEqy8ip8YuWf7NJRVne%2Fa4ZcMWiRysvwrxaC983wrE%2B2Bt5a0Wzn7NcwrQ0UJafXT3A0fTg7HjNxr1houuMllglvQunU%2BYk8hAO3Fk290FaPEvIsOJ%2F59cDhml2oJEFtHm89Ny0xKfUIx%2FrbCEm%2BHPvFFU8yjKxHX6BvP5501zR5a8Sp%2B
,侵华日军日记曝光南京大屠杀新证,,/l?e=e244MATWnQ3kGfozuO9K%2BfCwzJFJWqnhJ%2Fy%2BYn4Rk6aDtYwvNNyuBMJhKAkZdN%2F4VGEJPnPOo3Saev930pZ3277%2FePoEfEmxFZS41VaLMtim6Bv3VHRh0K4bIRSz0qa9l%2B020hvsZL8WOlSoUZlVGAKmVNNT54TcoX%2FDXofGItp3sUNAN7okL10rx%2BM%2BAexJ%2FlyZsegtaq86zJJVFxOQGks%2B3O53ajSKbcJzzQ13ZCw23WjesEuEfCs2ml7gM2eeoHXsBHdx5C5iKeMR69IKO8rwOsZh0DtXPA3AUmPhaBBRPtcoJAhKtFuLZT2O6yTkzs7U31OtdGZQ9fUCt2%2BcSCwMAWQKrdKQ1nfXQ%2BGf5qW7%2B86jVscNuf%2BkfIMvag1LLKjj9pORFMMqNd61zKrmbC2DSPTOweTK%2FTnwsbVOijm7JDZN
,国产剧奇葩婆婆又出新款了,,/l?e=0de75lkSqTvB85%2FftaRzSh%2B0J6p9yk2WkYI4a5srbvcN3uY08TJ%2BOXVT%2BzMoVGmo4lBfNre53LPnfvBms86E%2Fsm2tZy9vxUF7WlIdmLEcokJdi%2F4F%2BDTGnYmIpNfaKWCryGVmLmyhoeE4Ca9U%2BIGFAlMSwPcz8yb4fz72OZWI%2B%2FrT4c3RLs0MwguHD28fD9XhBJWzvxcWps4k0wkSp8ERTLHFRW7UTeE%2Bpj3ahBRwgDCp7RGjtM9Pu4QaqhuLWZxV80Ad7LBB6xfXimMjH35aQ514jHj5N2DFlFjtlx9TfhUBenAs%2BSDeHSqB2t%2Bkt0N%2FCiYsv4pS4C55CoXhnu6qZKNbDk%2FkmLWhqBfIIKWGozmOQQP4XrS
,为什么刑侦剧多在东北拍,,/l?e=df9f%2BggZF9zGUm%2BnPPvikXtJrqNO%2BdcjlZfj%2F1%2F0cSAdwaFsrB2qlYeuInTg%2BBMwz3K5d9rB08Q13WOd6t%2BLGRuP5WCIzbAuybasHwEHbgZV0ORJHwnjJgffDlwSuFocPoriww79mcUP%2F%2BjIs4lHXPVFQ7UzRljMsUFMm8sWhud0b9Mk3Akb6sImuNmzC4PHwb524h54qTjaVGtpzlDC5fnkIXPYuqly8wDWr5MPAZ6eJ3Cg7%2FiGcrP3tgVbZMYa3P6Jh4m3eU%2FaA92iZIjVCed%2FMV7usP0TqNCcFr42%2BzDZM2PR9BbrAuRAZqNcsHTlNvYsSqDJZzdn8hMW3yqP0Qp2b7RR7bJJ
,周密把周芯竹买话筒的钱转给她了,,/l?e=c2c4uEzkcoPbiup7B%2F50ZqR1RnP7EF33zX5tc8Lp9QxjFCefS0i22wh6c7%2BN5KHQWGaKGYB4UWK6ZUQxE5E10sVLTEvXWeaa9mT4jtVNcWwA4nZ4PS1sESzIKYDucsQJr7lIG%2BqO13tmZd%2FaWhm3%2BNpW5ozbKh%2BtB0wrvv9soVcirq7B5655IgMlvXErOeibjoCTk9EiaCwwuoFFjJh1FPLZQZ8C95j6UYHDnWa8kcp%2FusYuJBy%2BRbTpvQl03wBSOK95VKg0OFaNzab1CIkXQjl3TO6%2FXNlHInF57GDSXdTNkL1cWO7nFRgQmtu6%2B%2Fy4Osqc3I5WFnb2UNM51cah8fzIDQlmmfbs4p6M8D72g2mmIJhjAHYZeIo94j2rQeoCW8EA900WJIhWjn6n0cJxHbHtFkr%2FaHxwNPameTeFAEpumJtJ
,贺峻霖一路繁花数箱子,,/l?e=2772vCfGAR%2BYrtnOVtQr6eei31%2FADGOVr7VSrjqCwnsc8LIOmAChJylaqW6WmTzGMjRnpfE2ZvhbU4uqz8YpuPrEfFHSNA86kKUtpvJaUAeB5lW7KjvArfRTs1nT2z8hlHxYGWBclI7inFql4zDs9H5cbopGizm0WsPbNSNbGJxFHGLCJ86g1MQdpDBjzJd1TZH9TqwKSc%2BH34eTz67fwJl%2F%2BLbsG%2FPNN79jU%2FR5JxfDix41fYH7NqtYiTG2ntetfawcDX65SwIG7YnwrILbDMuG8qXTVJZiShSWNeRYjTH6SOnfGSv%2BIm1aBpFhJRlRKocLmWhvhxcK
,女子在中医诊所遭性侵医生被刑拘,,/l?e=5915C73pW4vII5VfMNzi2wWWkK7cpZzQggvSODbEnjj3xGkCubz2JXRbQc9L2D%2BUmSh3oB1dptYepPKnQul8L3yy1LlYYRc8y%2BAwjAPaHVyXogcH99dlXOxAJuMHhABglWCuT3IcPvND%2FYNmI%2FA36UwpVEGi%2BMqNphMwnn0TR8ZGm746W5Zs36X8buKKNGyfuBUETxzWXUxmTjErXdnvFIbQdRRM4voT4qhtLMd4aX3cXfq76TtWjRpybyYgKOALqtKqylvRnl0WKjlX1ZH5kJNJS36P0Gg6iN8IJ3twY5ChD8YKJwKv9STIambe%2Fh4UjM%2BMMhqRGbx6h8U4zHfWVRZcaeNam3qrrCBz5qg5nBoWQYwbgnmgm3UUVuXKNciYEH1oijRNbbKOKJ7t75A1bKeoZAYEMjVB5LI5vdqPtNeyUaFh
,印政府还在用被封杀4年的中国APP,,/l?e=d972kXMhUTFfOwvAdWstq22B5fl5y0EuaVV1X0A8BPYR3LlE%2BaHH8MDzLzbJgJ4zRLpJTstxH4EvFmuj8IaU9IlHT8BoAcZMN2WbKRRqPru9MU%2Bgg2xH62wjT0fqRyeYo50cDTeAsBpgWI%2BRNTPUOJDQB%2Bnj5yH5CY8RH18wPBZsLZI4CrBrEv%2FgJXDdMB0forzrdAWJ1Npfyq57zKq65R6bDsyr8GUCcfgZvyc52e5Tfk63Qg4F12Zy4TLOUA2DBZsJYafE4l2QHfA4sCXse2j9bP%2BWPzDc2cW7Oa7eqV1cW0CoTYmFiukA8Ip1WJNLXRw0L80BzraGbSjFi7%2FD33rckQYCrwvcPn4d2ZWXI94VBOb85llEZ79lFeaSCrt%2BEbXsmizxd9gVNw
,韩安冉称do脸模板是赵露思,,/l?e=873c3ibg3EIpMCDIiuiRstVqU12X238FwqoyfE8WZfZgAvedDuTRQql8pGvRUTxWlg5cFAgtTrtK8z28bLmgWqeje0%2FHqLj41cUtx2dagziuYtsJfcTvHyWtUswsW5suC0WyScBScLkslBWhH8wuKdm4vEuaQus0GszqDE9hj22O8%2FoHDW1Ki%2B3aV85GNBiuhkoWtyLXgGpcsa29gNPP59DtoouQt%2FO9ZU%2BJzweT5GJPJma1enaThjRN5MboOKRkDDpwDsv4Kvr2ZG4D7yRqWJnlxVVHAuaeA4Zu635Q2piR6N3UuvS2DKgqTY7d1PNxGfHdNkorjEEHOFJkgmdQQbJpjCM9I8n%2BE5Y
,王曼昱助力亚冬会,,/l?e=aab13Rzmvm0bXx2ei93qOScTxMkSCd5sFE9a91%2FwEn%2BmR2ZiRXwmglfg0LCAp464AkaRDv%2BfsbvbC%2BGh2%2FT1o4OE7d9MeFoXqMOIuOaOehhv2Z2aUzxH9exsDQc2lrQwKFQ%2F0Kg8ndK8wicEMqDBu3qrfYX%2Ff8D1QvYd4zh1esory1YyS0N54DgYIVKibaiKhsQuIylLkmds5jHzhH68B15ZX%2FLV29ehJgvbROg2hojafAp8Tjs6ufinQb4nv%2B0YtlgI7lG2RcozXjr7JdXaCai7PZbrrOUXJQFP
,小鬼拍到本智性恋心趴上了,,/l?e=18d62jNjVl%2BLzws%2Bzd%2BeD0oO6rOHlPB0FHJGngWjgCGdPd5GxE0Q2amVwU5NWoaBdmzNKVUd94a3Qhrm18t5Ra20ZtrwPkgLPUR0TDouCBwnQp222hK1m25KTSn9QYtoyK5478In6ajIfgBtnwdCfAkYKdcXgz3PNKoMrJEnBlWazZVDoooCaZFQZ5DsPlj275Akm38NUmVAaLVb%2FPJBmyX5MQeFIsw15n%2BH3JF0fhlrUnZqdbKc%2F6VgnlZbVwIRSrPNpHgAx1MDO5kyq4IafD5bWFvhcIhGULPfVq2rUBRhzF9eHll3I9sr70Jv8FngwOiDEhMFt9vXKCFWbeEALivJEixow21xUeqjGoIQJZNEPiSF%2FTqd
,外交部回应优衣库不用新疆棉,,/l?e=cb76GN1A9iQOb19eOBpEXHWO%2FZW9obwuUrkq%2F5GAOSh4JhJKj0pdoMRPjYB9OYNVpsJL8tiJmiHY9ZYXXCPIosTecbN1%2F35PAl1hiDcKS4%2FdZxASn0tZdHXz9pELpGKO%2FE8qWFl6OeVlHFhNQvr5qHFC00Z2m0SgORRsjtGAf4IeNVVL7LhU5gvUoRXMgIYoYGBDhevjaqcI8zWUtsYAC3UQAUeVuuBZN9abKRS4FmQV5Zjr8%2B8cuRr%2Fr9p6takvCfMPppW2kmrxMksyFpplG7NE7QaFr5Zq%2F7JuMMY5NIn6Y8qMXJsEH3L6P4JNcR4BdjFLVgvO02B6yoXP9IfLphNQRQzCWntZy7oPT2oWLvuTF8cTEhUQJt4dcBnnqnLXU22yKKSK
,李昊 活在我MP3里的歌手,,/l?e=9c5clpM5ee%2FSVaQ%2Fr8J%2BgITPxLl6vHYJqBHLFKUO36WJ0DSZrRHi5H7cmXFscEIEz5Pryt0hpzBpflsSTV4SCnjwUM29pibOzM4wc3vHDhsBOqyuEKuUjfNGehMEfyYui%2BNc3QXqNw82x621OgODpync1%2BcnuOs%2FLX7JySEpKNAazcDEDAAlBnS9nHDiBh3BkIujBEHtJqaH2qjR9gnYmnUV3SxcOhDb0SxFLlRHSmwySzs4jjfMqEkuiwmT79K8djHmv0Nm%2FUYUr7oI5FFQZ%2BYEsCnP0qJTVuw2eSqwwS%2FOQty1JlAu3qoHiQWIC%2Bgd
,导致胃癌的6个高危因素,,/l?e=8e5dJp%2B4vM7K%2BKVWM%2FYTEaxAT1bizTmOuV6g%2FIA60KhHp3Y1Nh5WnSptbm9Rhea%2FGu7fcLuiXllupiMzOmMVGPpCt9r7qXOvnvx%2BPz6C9mGtynz0pcWRGeLf6e0J4EmJJrhsFYWRUc2JvZXmm%2F0dmp3rHKcFa8tkqopOlNL%2BB8HxKGw0V2rxn53t8NY70VkbfmeSv4d70W38d5aqeu547YE93dFduAoOJMSCmRL%2FCgMCYx9rHm9wNCPdh%2FlfZDnfgXO7rPEXOXtd9SmsCPbUcEl%2FbRueFQ8aMIZwynnH3PIFnjTLEYkWI4Ua26WwQbG8n%2FRl2dDSPK%2BDhA
,扎根中国大地赓续中华文脉厚植学术根基,,/l?e=03feDbs0RqQOdk1XGK8zIxUU%2FmBuyCl4qURFsrGtwWh%2FRD89MgSk1W3cMrFD%2BlAo8e2imvsPsES1GNPCHdS2Cax4dUe08qas%2Bskl77oe%2BFbkrv0v1FAXeTyVmmFeua4pKD%2F2JI1X%2FrQeueVQalsYeEIHEAvcAUEDICr2rtVPJYvC6LPJnPIW989MwDyjxnDVqx6wiZz%2BwvevU0%2FBAhOoyHF58vrLiUn%2F5JlgjRo6AMrWwR8EcOGLLjT%2BB5dNuPvJprSgFKT6ExBYsXJf8SuwuhN1O9PGYb1JyqfdrbWU%2BK0HD9bN3TzzAu3guTPAcZgZJ%2BLHhVUBLm35PmAXLKoDSNujZx%2BvI44wwRWkmAS%2FCYVVB2AiZGXr20Bzud6VLAepmBLipJSH5jksa73kjzfuNaEcPRr3W9lYou1Yr1NKeWXTxDFEWvKR%2BdziYF092DckJCzDP2vbW5h06ccagwltmZqzHSHVX%2FpoOq9uSGhfvfs1
,猎捕野猪为什么这么难,,/l?e=55364oDYtGLiTUdsF99sC7OTy9RR8hwjrjSBixbklGNW5Z2NmD3cO5tkdhcYHELQqoI5RNLAFyRmTD0XeBXayqigtitbaRHg3%2BU7vbggOVNT5Al4tMH%2Bk9asj1cPS8erlgJSxenjv%2FMXZ0M1C7wzddC%2B0SakJsiGiY9Cc32yOaG3jR7sKHHujEWIab9oj%2F%2BeIOYhUSsC0sG72JqgalCXEDCqGNcIzDuEizYjzdfq75x7vFxXQ0pG4k8gj7S7xCEFK9eNRWTx4uhCi2x11jAZ8XCIDynsFT2G1C1PP2Wy5vm2yBCugN%2B7EtcAyG%2B1bZFHoOltjgA2orwt
,人民网评白夜破晓,,/l?e=3c82EblE%2FVYAXN1eDnz6Jk%2F%2B%2Fe01MAV3dgBy6lvTIBAp%2B489EaRPIJxqvUBZ8IiqquYgORfTlvtzGJEd8%2BhPl9DV1%2FOSQenBuzJYxmpRiw2FIuOMds0PdpNGbkOJAbLB9Vtvo7p14DgYXrG9CGRPi4RhH89gQpp5hAHSI2KjHb%2BEO3kuYSUmUIXUIkMHv5DeY1OruPpzsV1uaqSnplT3LuV5YYyiJ5tB%2FQTPcz%2B5951M%2FixaIUvFpWvnoMeg7AI9sNoFgO9WoAUkffua49lazk%2FVstZh6jEgwpt5
,春晚官博回复檀健次春晚相关,,/l?e=fc14P8%2FqhEoM%2B2v5LsNKIox5YzrkrsR2tMmsL8PyP1ND5kNXzkSC3cp%2BYXX5AMISYnRXWp2GmAzx31PW1gzLiBfqwaZmroUSt4tdG8PxvSLmDBZA6TTS%2Fga2pQavLw4R5WRSNJOS95yw9TAoef4V9ZjRPGrXcEEfOXjT%2B0NGS6Bz8NNnIvHX0IC7ncOTRDLOxbbBYSeVJbbzK1Lm%2FYXhoilKsZN9LmYKc%2F7weKbC4MSA%2Bium4U%2B7qWDmPx9Mmc5TJz6wbU%2FS7RI6WjWObSqg8qZ4fpDRwJT%2BVyhEfq1j1uGviAFXUtul0U3c4mcu0mu2EXcytqFV7J2Jg6yyywKyeb6QXaDS%2Bkx0Pb1ny7Ooj6%2BQgSe9VzP91OcJrl0kjl97OhcbFACn
,悬疑片的反转应该这么拍,,/l?e=f20fZnw3yysY%2FWN07k58uoRwndhZVCY3M%2BQx3nvM0qTLJlVzEOuPn8%2BLxhN9EnWmvsduEoo2HOqJeaeHy3cmgxj9K2%2BiSn7sdRi1JM4JcD9hiVtzK32Qfae%2BnrV8jPO%2Bb8NqjBUpianN8%2FiJTqZ2MypZsgco7vZhRMoQwpzPpzIYFymQfUH2Is9Co6YKHuRfxmXL5hFGipv2kbvOSpMl8tRDIX9mldchpLHxrRdtpUgljZMAuxUQvc83PFZFePYQ13BlYleBDziiezJwxoZr9A3WVRF7EvGbHFyzskeY4A4n%2F7ppWrt%2BwInzArBoXOZ4BGipJLbBkZ%2Bc56GbslPsXZxPuvE%2Fj%2FRy
,Baolan晒传奇杯四强队长合照,,/l?e=424bMHAETprHmDKJxh9kewe9GTfXQzjwY33giMiMZ%2FRXOpU5jyXyNZf0pKERXdmLjLO7uGTVOYOmwUu7R%2BplET6Ch3r46073EVOh4cvJf1QkCqc2s5ti0F0KpAoXBJVvK681ssccdDG4jm%2BOiPsSq6svMSiz3FHPTgtoRMSYgd8tTjv3Q8ck8ObaXYhMwBYpqlZ2gnoMhirhTk0m6WlRMr9ML2AhWPNgPyydHvm8aW%2B29PDhiybqYMcX%2BN1bqfeVswlCDHvdZD%2B7rAEY4CIhoJzqfSUZkDz%2BCvzaZULU03f98d%2BrShg993w%2FcAhpqp1UfFhab0hgMbZPmZalaRrx
,小鬼王琳凯风尚志十一月music刊封面,,/l?e=7e6fBxvUaZDDH6HbvxjGyDm8W7KU4A0FapAW2CQrx6%2Bk8C9%2FlTISY5ZDp9tAK8ZXNRSs8Lev7TQyfNNxsZAmOEqvlSNola7GvIYirw6ahTSwA%2BjeJ4rYTOzVCcIx4Zn1I1kWzpOxOSMDlfWAn3vJW%2F51GHoHYK3c7bbHq%2FZjipcGfmrYjYU1%2BwbkXDtPl%2B8zRA3gpuqmbCD3Ua7uy5sQ8yOP7I0%2FXnqEPcWRHjp47Lw4BpN6kk2M3QMVT%2BXuYxX06nsZT04bZwF%2BiqBlYCIRf4LTRdZ5eS5LZRto0ZR%2F4shUGFUq5BAUhMqYeJ2%2BKCD5b%2BVZYoZwVsLyw3iF0hE%2BjPwhvGHpaDVIdh5ic0P0vvt8xVI%2BMwuYfsp9Xlx%2FWwRsql0x7jLKuqXsFvteUXkzvm%2F%2FXU2uumMQw6I
,金玟庭演唱玉氏夫人传OST,,/l?e=781bn5KXHZdvf%2FTND5ElX0xNoRDJl70THtgi%2BA6TWxEkwYBQ8sZrwT1%2BMD%2FnvN%2BpMHffnUMyf2oLpPWvL7KfynsZiPuI%2B6nxtB5i4Ve0ygsze1QXeTZdItFI7SAhMLnT9QfR3AkLdB6Cd3ftjN82dlH6FrM5An0O61stPn3mbGV1nRxcjIFGEm35kGI%2FDacasOuqePRvpirvtFCvi6f4QRR5DkSSdys14IkDWEUXLN6q0PWITcsUR4WAq%2B%2FlfiX%2BlGRXQpHt4RjR%2FKFjPGQJszy%2BfRxDabXi4AIICTATqn7H%2BNBIOycKUqiCyvrRigWsTD5EKvgx7yrdsBsy
,打游戏一直稳是什么体验,,/l?e=5ab3FDxUsESpFOusH6gKV8gPHogK%2Fjhk98ORYKrNdJ2myRGkVzq7LQ4YXpAPLKI70zHIl3MCzhflDmA8kIwncLNFlVdB4UDhf3TSnGwdcZGgzU3P2sREnHFUecLYHx0lIz7AtPt8OcwS8mHXURRrtb6fZDIEQfx0kcN6j3Zdy2bO8YFnzbNCBZS3KsKzaDuBl2xMKB6%2FkSqJs77LxK0AhLf%2BwRIfclwgYRAI43e8XfqrsHndfoHGMw6AYIgQ9wgZwLnRKiCryij%2B5ew8ciXaqj3OV4up%2FVhyJhX2F3P6H672KfKrqPXfH4pdQECRBs1f4bsEC7sPXoSqhH5s2iVU8hWwIV34sUyR
,儿媳控告公婆未经允许在客厅安监控,,/l?e=4df7V2t9WroUF18VVCC2vxV1uzw3vIIyqOaabAqQ%2F49dFyX%2BmYs4Kd5sC%2BesHC2KzH673qDBxepmL8Er4NnV6Ya3BatDB7dc9iwDzfwb10qnyQYpge3mwJYXrN%2FJOk3vdJ1%2Bm%2B3qqW%2FuhuMDFIwadTcigqy2hS2XUlwPFhp9l7srIDYE3FF9yFC8o6rmfYXa2wSYN2Wws%2B3WX7duUx6CwfI6g9MNf1nFTbcmd%2BPLefoEhP60jG0H58txv29jMLmvE5M7%2BmO3rYXNO84LskSM4iIwSFo%2FloLTtbyL75KOQQwghk4IDLqOInRmVKv%2FfqDkXAz3QL0AoQBQcxDYONfqJI93TqVD9cktC%2BbvU1XXoAtJlAbnke8vHiWBlWN7TiWU%2FBkoDY7hjhLKF%2FYaIMSlCeqDjLXHSqZhRF3b7ZMMT4pmNAkc2y%2BjWFjSeBwFB4Fa1gHX
,蛇年春晚标识有什么寓意,,/l?e=2400VQnbReufn9pDFbOpddC0Fvz%2FF8jRoh6o0xuPyVflfkf3EmzmgjWVOUIAfdy1fipfd4Gqcl5Wj0u7Ml1f36Y1ysJSFCLD2rwOVQufrc0uCqOrKknk7st7uefB4dPr8%2FJhbvwYlOKKhHzj44nmpBjowxBTorxZeUV8Xqe2eAmqBcMV%2F0lVPtyGxHw7am7c0dABSb31HcefuanboIfK%2BQwW8mjdQYWsMMhMs2tO0SLMrAjrMDWiEgFDciEI%2BhKLX8k3FIVUITMKhLB9ucbNFYndaajwbqdXW0EZRjWhrTOtjfECWrcpwe0An7wWGn%2BIqDtOKBc6dhP8a%2B3GvWq5uyRmKHazd%2BAw
,贺峻霖求旅行攻略,,/l?e=6ff39eId%2Bn24DgNAxpObtakbi6rlpEMtYhD4cYqAezW4wLqpnKOEHIyClEij0LEnkLrAq%2BCKqD7806MLzCtVshWApr7UmuM4WRuvEXPv0iHX5prdZOvadY%2F4h2OfULVcM4ugPmnQhBX7D739LewAwDTjfzHf3kyXlFtT%2Fqxklo99YX0mEK5M9BalOH%2BZ4yIMUfdEhVPR7%2FpimiVN0gjBvrm7E2l7zKi5QwYmOUr1yA6vSnUGHpq20%2BH5%2Fj91rkkN71dzzoEV5lREh%2FhRNGNSnt3Kc9C%2BWB2JFmsM
,一降温就流感的体质怎么破,,/l?e=dcacBET2zKqPFR8Gvl5%2FA%2BQ%2BkWW9RRXwUoaqJgZu4X6ibiE7SvHhVPzGa6L0kEohEZGCeOXJ5YdddzMz%2BVF%2FsVUzPZ37%2FEjQWkssI6ts51C%2FEC8xoXkw1bD262lrtMotIgeLHslvus3ZJIDQIGFHaehU1hmmB1mrJg4j3rbScyd1UvboigoGH6wlXHDAiDiYU56hBBRX3Y83zRUSGzLw8lB3QpaIjIicSXJqqAZuXIGHeZvVklPnZld8IcDfNyQzokTdo8Z8dFTzjgiQZpz0aykQH%2Br4%2Bk0TO%2FX4spI6rX6M40scbT1BpkeNlRfaVrga3ZVXHyr39I%2FJ2swpxjNuSuI%2F8J7q469Tao4UocSQVTUN9pyWUh88
,黑西装是杨洋的统治区,,/l?e=0a40UlCqEHM6dRAyf8vbEtIcyhR1gLzFpOPZ3PAy39lN76JuKndareU3W8a3VeEc7LHwRqO6gkD4dLymkh%2F7Jl1ph4lbxYrMEsRNddbsCEcY0nRbiDuXXSo30y9U4YbKvLgpsL%2F6srpYxKyZ1NfRks3H0emxphzyS6RGIqDO9f6hY1Att7veCa0rAlyKTscZHN%2F0QSKUFV0NjNoWVVkF%2BYf0bplCh3%2Fa2uTgoQpc9HtvPufskCZBaGtRHAseFvjAClq197stKY55FyqTTbH9jpUPfX%2FyifPwguawM2vhXarIaIzy3%2BJ40U0AbXVSDQuBvLYMP6q%2B4seG
,郑思维拥有7个世界冠军头衔,,/l?e=34e8iLO6vUoZaw6yTxBLTZG9xR7As2irM5u2Q%2FgnYhIeNBL%2F6%2F3RQ%2B8Xs9gIJo6T6%2FpnPCM7UVD9KVkbwB%2BB%2BUAEy6sZG9kDv2DuExNAC01lK0XKdwRLRBajHgN%2FrQSToRJRSB%2FXGF3jT03tOip3X1S6I9mxlD1yw2XM2plrjnxovX4Olar5%2Bu1gHD8xS3G14DBncgBck24j%2BimHS%2FTDOFnsxHlS%2BC1f9iAXMixHRTAbsxYs2qrBRAEzUViu414cXGJiUOpRrHY%2BXsyJLtkdfhxR2gVuGsGefYEb4O%2F1YXuTTA4RdpDT65QKwEEAKZ9%2BcrsvG74KmmxytjYj3CZxLsDKyPSJ2PFgnpSUf94dKQP%2B1ZJS927wWg
,中俄第9次联合空中战略巡航,,/l?e=e0cbUr0afXoclbcGU0L0HzjwfetMJRm4nU0xVrUOXtGlqaFP%2BnHwfQ9LFmmb7mBVxremdteu0rRHw7yu87yJZRU17tbu9slxQR4LBpERm2Pp82daZ%2F40Aap2VPxTjIhLPUK9icprxPBaTmNI10tZeQYZ2RsIaMZYkVH1dmw9HvvVODXlKb8CYfX11iwarUzdn7DqVhcKc2ngCuMUmusCXOAc4gW%2BLwQz%2F8aoS7u7ekCeZOqaMnVHwXTQreugptNOjOducrZMljhguuk5Xoak3ePrEGRfREaw9zs9KnpT%2FuOVt%2BsQihA3xxs2ecSVnWBco6gkLdh5vdm5SjkBJTN30eetSWSqOCNMs3Qb%2BW2Eg2a2rZJhXzFEsA
,王勉 现在是个综艺咖,,/l?e=3707ihImY3mHN44OSNgkcmNxoilY%2Fs%2B6G4jMLDZwHi%2F5b4gEIZ%2BW6Wy3z0oPuqs1G%2FVlOr9qmxbgNe2VZ%2BMjG7NZBUInhXBCIoWnjqI2gBC%2F47GvwUAbrBI7QCg97zBBvpFoeJmu%2FmnZacqSXUEXXPQqVFnnc6a0l8trEYNwFiUKYDrjAXGOgw6Sl9YcTbWCwGEhiKMR3j7JmhV0sPc42%2BvgIvxCo4Dd7%2BhmphvZa%2B1z9fTOebyWRhtmDy4GtuIISpX6uu69Jxbi5vk9dkDR632PTSsHzJZGz6yzf4Q4AZwlXr8Co%2F8A%2FYRWiNFS
,官方公布冷藏车厢内8人窒息死亡详情,,/l?e=797ct53D%2FPWgvYyC9fZiUzfoXeVNtU7TkeuqeKOq35aBUoBTrrzURu0hjmOLCuE0WDj1kAuOdIr27PeW7VQpNIDe%2BXXbfuiGGP2GiTVnHULtnSbh%2BstCkanX1RutgTGAVGlrQb%2F5wX5rjFdL%2BFbvkbaDXX3%2B4IZ%2F6wcPp%2FmGftxN4TcrmbFwWrFcL2tsVcd7DRyjN1ESB77kryv5uOOTTNlwTCMuEBYuVv5EszgFY2W4j0B6JesqymJlV7OWVBab%2FMOBSSA9T4nQrhwrW4zCmGu1pSuceSCeLLb5rZxdouX8JDQhhrReer4HKa5WGXThkrb5JbeALrU1aiUVw6YcxHyHLPjbWIU5W4YiCH1DadoIWWfoYrap1q5OxVRb11qaJs%2BC0PccD9k5VJbwm5VwhrT07zzA6yclaF1pR4GoIW5M9Nhorotgg44FUG0MHdERs1jbHw
,欢迎进入中女造饼时代,,/l?e=3d84h6HNlGMRjpwIfZ7ebRX8aE8tEdVUGKCEToKT5FXLCIp6h6DUickQMdKPvd4tF%2ByxCCKvQc3GqTDTJVxFWuTV5NRUVhzFJLoaRSSByh8FY17unD7jCf26MpD2CoyTJjuAvSHoxEXoc5uhGM%2BNN77lU4Ss56JIdW%2Fk8kUqwX54Oz4k0mbjBtvMoiSxF2PZ%2BCRfMxdAzbR0qVr8cP9Vn9%2B2GSjW4wrNR%2BVn1eRPU2FfQozDuV4c9skq7QDMSILZZ9JhkT9%2FSTc2ti2UIP960pSxV1BKmH0ZUEL7gsAA4pq6P9LqmdVehfw0k8ONzNwR%2FJTNHi1myu04
,中国游客在马尔代夫潜水遭鲨鱼咬头,,/l?e=066ei3heMUdT%2BX2tvGQ0FP6nYfHQW2CFiBFuPNAGWvmyC1Vj4PxRYLSI0AhwFCWWbC30SzZw0P1AfZa3wdZvHbe8FmwHPchEC7Hxkp%2FZzzm4YOWrBo3CuUk7nkwj5KiCWM5xkVtDMnRiyTcnUuUK0lCUF%2Bj1hKwkqB9maeSDJQktML%2BfMa5NVbtJ5Up4Fo%2BDKb64W3yO%2FD%2FBX5So6GHdV3Y8kO0%2BS31E44Zk21StUc3fVRHEG0D4Z2qi9VhxnJP0Cy1eeI8rQAkKncV8BV2mcOjlJX5K6g152duk0JOdhr546%2FzI3mmX2dZSIn9A7cnEhvOYc%2BW1orLC%2FVhzQjFoOzQATwj0KWFZVxUIx8sgTtcfouFqDVmlNSjG%2FNQxT9CZYPMKPXHZQLRZUSO4I8LuXMKxnALyocqDQHMA4kdTHnKEm%2FY2Bn%2BGMPfW47j4qBeH%2FU10
,侵华日军日记描述南京尸体如山,,/l?e=a112Ob9AAj%2FVnA1%2F5WiFH3hK8Lsx85iq1s6JWGwxyn9rq%2FwxDJgourReN0I7ijVfwm%2Fn9eEOBmkP%2BQWBMGlNomKHt74P2boDdEkrR%2FQk0liYrLqTH3lEq4rUAAN3SkD8gK3flrx19ICneB4rRwZ4MhWBmWaz%2F0I2mFzZz15%2BqOLnhwLWd61DWMjaFl9OVNTFAVuqDEZM0h0%2FWEayLHWiKsD%2Bk5981BWuYkEV5TNXt%2BKFvLmZhaHtQYnnnKcZ64AGoeDPnYZZ46eKQ3SrUmWPJwAfOsURrpkzzYO734BWz0QernoyetrKdcMPzevWE9X2SUeFQ61Qz32nDHFc1KNJygzsqki4dBT98L%2F6pqyDxj6aHWBu7yFdtCDZvdp8%2BeoziqjSwToYPjr%2FARjimqpVIazbBycD
,古巨基钻石败犬live首秀,,/l?e=b8cfD%2Fy2shB4z740RFETzTNnRDeinxHULOqVuyhOinVXXEa8ttph9OREQrBKIiQHQedTUSx27zLwFRihtTKaTjowplVHCuTmIE%2FYryf%2BhtRro0jqwNAMcK2UVfGKSMgeSUrOmDWELe9AmXdxnEJL%2BK6tgwlqCxZb0gBZypNmJyXJOcYXiPd9BoELPnfoNnaSYPvH6K8x4mATP6NW0apSF1cVuy4WzFnlmqgtw73vkdZ1l%2FdDovKF%2BiYhaC31F15nqG%2BGHUrvMLTvCcKfHWxl3oz6wFsnDYre1r7H1xzBse0pV20cm0%2FmJ0c7IFM51w
,巴黎世家售出8天后要顾客补1147元,,/l?e=b4d5e20zho2A00agPCKNxSsiADg0ID6vxxJjxiAdW8EHONrWp0CRK0aRlgiXShWx062rAnrp8wy%2BtgfsNzREe4TnEdpC5CltJ4QH12W5koUSpvfUasKFbUPYPmQxmDZDd%2BjtyiSrnMKjp6ntmBnJZTl7D7C3B3u8tBcw4bUH6YcjehsgKw%2FjiZossfs6heGkJy261IdCaSCa9H8YIeYpTCYMNtbifNvmvPG%2FxPM6gn3mtx8jvBiCdDMfoySGKzUMP2o121wTjswVDgIu72h2TmzYJlndbcK6hTMyx%2FPv83oodTUukH8ApPadjUkGShnYdecbsfFK4a4TDAm3MtCcxqWza3WOhq2ikr2bS55QzTFihRd8uCawDPFLb8NCUhojkqq7Hypt5P%2B21WY
,虞书欣丁禹兮意林少年版,,/l?e=d5cfL0KXx7inN7NkbQY5CCwT4JzN8F8C2WkjWcNorlPAuPhSnGBYWLFysEQch6IP4A2O8WKQT6N60C6zOpBtlGQYbVZhd6LHjNLsd7fT%2BzozMXRVYCmkpTQ0axqn1JBcZ96YLxWBMK3qz29K6zu0cipaZYJnyvH0wOst4XVO0mjQkE7Sm5JGvryLWJpJwkZR%2BZPJFd5jJ5LHiDSyEtrzK%2BTWMEAhGYmMTYOQgnqIF6xZfMfT6gwcX%2F2kIgLQQiT3bCVPfQEdR1zotb47WWfBnvdLPj485w3%2F5Lz1KVhnrhhobQjZhJyVYLEHe%2B9V99wMv9baZAijUGyiUrfcUTZwiLfvMY7R3PEP
,TES官宣Meiko离队,,/l?e=718c4TkVZ%2FVGEJbQfbxOp2qODr6KUIP68lRQeuHNNyRkyitN%2BDID09ENq29Sb3ZDfmOnrYxnl90vxpYwdFQdsD3uI%2FiOAtc1VH6slIhYGhmArTtv1y%2F4W4K0wApBWlE%2FsVi4dSnV%2BkesAxj%2FnuypFS92a%2BZbAYnMN17LMNGUirivjb3X6JBiQQQ%2BYpv%2Fr5N5kNxKpUQhnbq7OBWM%2BmZlQTJ7C89kNow
,唐嫣灰紫发色,,/l?e=c92dCDI4%2BSZldJ5gKTOaQEg9mImpBEOT30OE%2BgEjHDdx1xEcQ%2BhvUlwJ65DbP8DlQNNr29yHQIhjJj%2F2xYQFj45vfGd0hDPgMB2LYK%2BbbEcnK6nTaDD4BlWioFXl3vptkDsMH%2FodcSDQbWg3LN%2Fv4JLj2hbeiSd78ASiT8yje6ug%2BepqWwUZLPFJ7wZ2WvW8QgfUbK0E70eZbo4o6vTbBZZTO%2FkD5cGwfYB%2BG%2BTVspIJ%2FZuZggImU1RLOAHI
,韩国人的精致穷,,/l?e=e3c6Sim52wpj5yK2RDa%2BgAk2SseuPu3%2BLStRBm7Zxx5YeJZ%2FNbqzIkG2SB%2BFTnw7G68rdrrfjGCjuJi8zxSPMXYpfNLkCzw4yRapdl7nGQmGQBICjNYOxLmAJZyz7geGtZjkhbVM%2F%2BfgoUC5l0U19nf0yvN7lY6agk7OU0nToBMNn8uSHj94C%2FL8KVqw2k9QMQcG80B2mltGYrdFJLeXWuCDPugmQm4DefFM%2FC%2FDAuiZHlnVz7c0BnB0hkjhDzFAuWvLXUlB2O9gV49y
,林一长沙活动取消,,/l?e=a168gJMGFT96HbzcgxhljGupZOeSHyJFUHzCTKNPPdvEuwI9uQC3ZZEUKiFXBXOAfpaggchb5G9AlI3IfgQkZwAwwrd6NvtzEMsqLNQ%2FLFeiQblwH7SL4Qpd6psKJ%2BRJC8oVh5GXpW4m5IUlRb%2F6jI8lc7TozOTwj2shRbnN%2BzVuJX6sGcmRBeYkccwrN5hy0DOtk8Gno1Hbud%2FI43mfe89Qj8bbRlhz95jrSRQ6uRrLyojCj9fnOb%2F2rn0wMWYwz84viHcKZ9sZj%2Bk%2FoL2PIGI07d6%2F6cfpJEQk
,年轻人买的水果半数是情感商品,,/l?e=5e24RL%2FceniWJR14lSM1WwfS0n5oEAN8QhQEknJMW5WeG56nhWrMS05XDZlEVVknLT22tPHiq08O6fGMJQRhaAYnbTihZwU86K9VWg61b0zuTupSukSiMCgWxXEULCOz7JvkhpoTauGQYo7LRsX4OIHvVXN5roK8tlBTlWZi%2FHd6iGMgyJqct54lxvGYMJCm7kRunB%2BGtlFRL2iS0FBt91YJmct0MdvBLM2iMe0eE7NB1MspDd%2BimdxllYJNiXbeAt0wcH%2BBM0Pnjf8s2rGVt8bRZqb6WWd6mp4qNnmINLqDbHTTNCPVpKHIde5Tq5uu19HN%2FaTjTFAb4ICHi3Ie0xAswySufpHyssAwvKhLVY9eQCMso16KB6MjdkxQRvDJ92D3P5A5dUuXqmqgFhB9Owpg0CI8
,林一霸王茶姬活动,,/l?e=0bb8FEl0TzCDOS0G1QEFVBZMOe7pEVcxheMolpBhZF1PpIr4hO%2FEatoTTcILBxkrs8YeFY67WMBq%2B6oxd1mivZwXgraqd67ZMy4CsyL1tEYNFt29gruTAay6SAshV%2FVfRGCwAAB5Vc6kXLM8vGp1n8b7Y8wQLXlB09iVMOz9viBRM7Rz9ybFJWqmZ8p8cPdxcUTRHzMtmrLqO%2BBZnF6l9M34D62PmbyKO%2BYXnQNNSKIKIzlMoEb7mbhF5%2FeSLDnrL%2BiKsPuKq1d59GjVA8wmH672qMnFhZfrAivn
,侯明昊无处安放的手,,/l?e=afa1zsPntpceqguBg87RQf8M%2BzDT%2BvmqTlOYGLh%2BF11k3b3ZUDvdeZvnrnLCZHoNuGv%2Bxfgn%2F4pScWowOHRTaNpnRvKWTuuTJ0o0PUS%2BdRh%2FCEqjUCbQDpfitAFbCbxlYcQjNZmz%2BPjl1XdNSwYoVad5ASgs3%2FyoyBVeyxHCxH5hEFdD%2F6Ip6ZRq6OPSuMIqS%2BZA4SW33TDwDNl%2FwIxvBb6Ru9bCAOudtngTsbqgEE8EmsNC9fKVPKe0S24gXAI9KekaJ37fhXgMMds1ybNZqSMAxHzJXUuHxmqApgueQlynuzyAyEqWUreV
,上海体博会真的太好逛了,,/l?e=0d0fGNsyCd2WHmqWrxp1AVpxGONm%2Ft%2By9KGS2WBq%2BNg%2BlsITV8gi1to6tVmKHrvw11glJzwWngxqHF3sooewDseiFEd7KIq2u0pJFF2FAx5%2FAI2dBQRgn0VwFDApqaZEBt1%2BNqVTAq74RYpALLnCisPuLyGlP9AM5LpYsw9m73OIW%2Fq4d9rC%2Fk7FJXGMqmETVbm703AHg7i85nmhy0Vc0aP44uwamekJv7pCbSRgdm%2FIknv4JDSRukrsAxYXSp09%2BgL3jvIRrTwRc7wHavXXmqZWO02dZvEWiZFIjywBWF%2BNnoHRfstF90rrXWqw6WMcOL6MTr1YRz8T2ZZsizZIdy47NemO02%2F%2F
,容祖儿心淡全场大合唱,,/l?e=b76cqjQTn%2BYJnEEeih6RVQC40B1DS43KdKwVQjmWTt1%2FVF6Rb4PuN7S7cbHznOGDZ7Krlu8dQfVgqC66adsmBIB6B9qhokJa33EIJ5pBVN%2BUrtvqKQfrUIadlHRqNYfroA8smdxKnRaY1D6mEBYtJiErx5Rns%2BSh8A6qnBj7b%2B0mbRHaF0C%2FCT2VScuqNgjOPHFuj9uqopGBDvazHBP3LFFf2zuKGRjWZq2j5d9bD5qhXiwov4TkfYDPY4jspA5hMoH9cUw0oEP2qWQl4Q3NwRtqwGXNrEwfgQUnQHzJ8WwkjsSFfaO7sDTK9rr5svlBxRjasThvNAIt
,王源头像P了个新帽子,,/l?e=38ffL%2FlHozjZw5wcSSZ3rhItvVu43mb74EULo8TYHlf0UxGCvfFTFXjHLBpq4LYmf6bEdite5Em1x4MnR7Ep3S2gVbD1QNKuocF358ZZ0ddA2I7I6TJ7vePzb8%2FMQ4bss4AOjO3VSrGIurlYZZO%2Fmmz8r81sTzDpGqSJASOqF%2F1JEGL%2Bq2wXC5o9cKpwPZaPKoqJhGYKDrJd6Q8vCfgaqbGGFvInstVXgHaLQqmqkcgrEppj1eTFtfSOzgnT2zqfnhjauCXfMNu68AiPVJzs3owYBOitXY2lmmh8iN3VDvrprYmCUzaNvnftEg
,再见爱人4第七期视频没了,,/l?e=b767uXFMq%2F9GX2ymHZzpEhRAfEX8vvNpIlxSczxmPF76YkhpXMB%2B%2Bnf6bpccAdCzMzs0bZ1%2FVdL6nH3TXWDkcvRgTDs716IrZ5beV4WQ%2FA2J3l6RoQ0nj7qMhDyl%2BtPo0SgpHbupFRzkjTFBDBBOOlmC%2BwlnMRBZ3lZ9syP%2FVLIx62XykhdoDGGdvwGoeyPDtPBthP4JQWgZu3jINiH8cjD1b%2FqmXDWDWXUHx40es%2FY%2FLU5B%2FG%2Fh0zCf6k74PrpUpNhvrkotU5b0ktvof4M%2FCkATRbHY%2Fcgc8yzv17Nl9y%2FJziuUq4wuCMtNTgN2kiPQwnrF02rVYXx7I2r8u7ehYz1zl4nN6Ky%2B7w
,优衣库创始人言论争议,,/l?e=7f8fzzb46grfa17aEvkh99JsDCFcRSi%2FAClA3SDjZFgqMNYcNkrlNMgHQMgJEe2r4fmh9YgIaLpqeAukxdBJZJ2ylS4kBExS%2FzzZAhaeJD1EVlZpBhhWokfRK%2BXIxmFKxni2GgfPK14xXE8xvChWYlQGZ4ElrwD63GM353KCksxBSS1MCJOdG71m7wDooYQxp9Ra%2FdoDyZxExTlfELrmGP4lmWHv15gQnNo0%2BJMNbJh0NvIPISZy3VTHgkaEs6UEHp%2FiXx2Ogofa4nXagzTLDtrSCqbejDsphEybdrMSq0LS1AZ9xHNQFGZUCpY4Mq%2B%2BGtjiV1h0ECAX
,丁禹兮看人深情是因为六百度近视,,/l?e=3d25DD%2B519OD2af%2FDVrk9ukF4BuV9kHrLSGkBgbYA2TYiept7jlv%2FcBNx544JtU6Ejf7UYerHVETYLyzkq6EicxrQ6yRQ%2Fgyf%2Br%2BBfwwO6DLWKFM%2BXmy9CNQXpAXgyBMQcZLqfPE0gsOHh8lQ%2BJNNsIyMJcRK%2FitHvRiKLZy28To1nXwG5YOgiKWs0x8YugiZgZKODDeK1H2M9zdIoeKYbMM7vSArXcwAlS9Z9Duu%2B353A2VFO4lGKV11VcTJSr5a2ghz5jj51eKmXIzGoSFp%2FMEjgQwmcWAfEKs%2FRTIHmnwHoEYTOfagJ6xoHiIYrsVIoEpU2ZI3s6SnL969Di2xwNx44O5eS%2BcKaKYh4F7Mn3uhaOfVF5zqFCmk34AACNcY452xH8bdR8WZksNQXSgSAeNoO7cdM3KKxqZazxI21fh2R98
,奥斯卡宁荣荣 新还珠格格,,/l?e=382aINbz%2F%2BL0VOmYCc7FmbT%2ByMeGz4UZaE%2BBSpXVss2%2B%2BvJJ439L2VJ4RiSN6jFAwWMZlBBYR%2BUCtVj7PvYVBiCp9OUl81OSWRfpz45l%2B93Fxw0dORIb02r8VIUZYCnWp0s1eK2tgn1joADcWcwn12%2B50OPdJPmIA18Y4l2sm7yN19SqeZRL8EZ7hMNWTnfWSkbOZ3pUijoMscwpaOyAausPkzZj9%2BusK2iFFeaceFzGCooEK4hJLECO4lNKNZFv4YSjnk9yCe3Xjn%2FhAsyIzYxjgRprGFWvTVAsohOYc9kDiDWRzb3XvTJ91S4%2BOhCYOsUhsaynKgKJ%2Fv8S4vLRcPK58CrEcfVLtewV
,丁禹兮 包治百病,,/l?e=cfadITnFzqOuvGPWX%2BnB%2Fvo9tkJiukBe%2FDnWaFOPedtKwQRuMggjCySwYMMZxKfAiIHNhnqAFCiVvg6CQlT3th4T%2BDZ3G74pwJe0QHizo0%2Bx4M6m2Kt7BdKMzPIw1qvoC0GcXLFUXxl649N35bAEeZvhZHJww4cmC1Mnezgg4O36DBFLIIQoWtNJLuIFTWs1SX6GT7SzGoOwvevNM9xvXGr3q%2FWwV%2FDtEbR2fuJ1cciEDvC5SZTOzeukOMvtDCXBfygaEKnM3Ob1yVxLabZU
,孩童被未拴绳狗咬21天主人未现身,,/l?e=43cdxNWafRuZ6Xxxh0ckWahgrZlYpm7Q4%2FGcwTbkRpxvASZrW3Q4ifzfzMauIFdR2%2FTQk5sfIpkq2F2RxDVPLGvA21QJcDAvAd%2FFlAMuP00uokknCgFPK6mWvMmBNSiEXf9vE%2FFyGtE5W22rqTwvYwGjJi%2BwU977x6kz2gu67y5uXED6c2Trxc6opwg%2B3RpYZM0POlo42pBrIAPP0WoexrNrpUSpOSh4luGFfCutPkqzaPhrTY12SnwTqRqHPGRwy6npyKNmi%2FBbVbWfAy95UbaOU8VP9zhZ23X72d88F2R523aQZ%2B%2Bw4FydlY%2Bg3xB8NBkPmAnK3GNEbKdfL3zF3n9zJBdbKcZBn1RRm%2Bmeq2n5AKZuRZgdahs0%2BwoCigBvfsBbn5jE90vd4iZ4PExl5m%2BYh07n5h4
,MRC对战GW,,/l?e=2484gwNJk34X3vYz2cXANC6nDANiQoF3454QdFCd33sO81FQr0uRXYsJwf3ZHF6jnBTkegFc6oPma23snzBNMSFzUq1rf3Y5yhyZ7ZnTkuiJb4BOXw7%2B4K0SDkzSre8JWFLvDTCvVLlhNNx4h%2Fbd5NxCyYFDcYqbN8YCotLm5YtqghMAETw
,有毛利兰陪伴的夏天和秋天,,/l?e=33a6GSpgPdu6dWLaQJeUhDQtzvPbyCHQFsahLDanpPofbK2x4qPmJ64S52fniizbDvTzNYaGZK1zgY3GrdtnOfX0inDpnpBOxvnTA1BkvHVvqVeaNu4dwdIvhttZ5eujZCFIMtlIWYg1BHGyIwQn01%2FWtQ%2Fp%2B7g%2FOutu7QDzOLDs3I9JPKHwhmniji3t3Cc3LMFXK%2BWtu45gcZijrpqiAGGrsT9GG4vRAngGV8P%2BeHZaUU4B96NAvealaFE8SWgi%2Fjjdm4s5VBuFpbVjUWyUd7fKxzo6aQOl8jwYUUB4p0Nn%2BWNfChTtQY4DgGGy4Kyo3qbJgG%2F5ol0upKC6NJdkTw2c6QB961XqWQvxyY8qX%2FQFuhpZJ5jS
,南宁一家长称15岁女儿孕期被砍伤,,/l?e=c83ba2wZ%2BUZsqNYbjEZGy0yKN7isnCj%2Fq1JkisIKHD4CnvmDfZoeDGkX2%2BE7lC8rEzmw2mtEHx%2BqdeusH0PSUsU72dczSTSm86kT0aiXiv4UXf9p3ghs%2BLlMFemAlmQM1QALmpAuC5Zhbsw7r2jJLO5eKa%2FSh5O3O3qJ%2BFtn93COgFTK1u%2FK5xJ7mSUDFtIkgpbLpL%2B6nC2t%2B6R48S665fX4tT7uY9ePxoZlSvofSFYZZk9aJiZYlDKyqoZ4BmDOCug9dFBKPxVVj8xg7Qw7rlxkw%2FzEmZTzWU0VUWjvoy0QXRrlmhxOwLu8kod%2Fxpw06ccLBTdY7SfeRThvmjHPiTdt8UbSZA3gotfKkTO0VIvZDuWzPBDAhng5duL1yZsz4zUVdI3P4BHCZFmI%2FAv592T%2BGlb%2BPRk
,杨子黄圣依 人设,,/l?e=12006yzVN%2BHzU%2F2q9IcDoeaC9jtiWCaoOr34Euweu59bokJggYleY03hOtpxJG7M820k84TMxVQxAYsw1X07ojYUa4K54hBW8khq%2ByLfN8iwksyWS5%2BVYZ5Mc665DJBjf2wQP49EgZOMIWHOdrHuUDwtOMJScKW2pDeS4LT66EJiBaI%2B9Clevg8H6Q6A%2BBrTfKB02QLq%2Fb9tpoRv2w9iKiKzZaZ93w6b6IXec1izCfcCJR%2B2qGU2AjaF2BrxncjJ2NR0UyiSaRu0eT1ElKFv
,张予曦 初生天使,,/l?e=18d3tXNLtkrzILjWeSu9HlA5S%2FozcMMvNaAb4Q1DO6adxazGmjebixy%2FwK4TBhxVilulFcfWKfI7ckEsXttHjNwTp%2Bz7fGVmw3%2BFbW9%2BPhuIkw5bS3%2BbZSs5QduQ8fdNuHvSWUdw4Y0qLuSeVbspw%2F4L3nIyNdYPQfZKdtxSgFziMPIvtSSKcNBh1L627oTN%2B%2BSY6NG%2BMXwLgcwNq859fYrSrNrmmye4WDD6emLFFrUpOw3QtmLLMnyoiHHeNNJQmKgygeXcNzd6AQBw2nNg
,3人1分钟抢劫金店价值千万财物,,/l?e=b7e3Zlv1byM%2FgOHhTIIWBz3hTJXXqSwSDm6wJI0mm28PsRz4IFHXLhGMu9YrMmZmb8GvwurHcZrYr7eBZqKka8Ta1r%2F91sebaMeG1p%2Fo1n6473m%2BcZ1rha4BhjZE3H77VoWJJA49wSObYt%2FVEK54lxgj%2Bav%2BoWOLXgrlC7RBjxM62HceAR0R6aRfEq8uo45LmdnM%2FAnQoJF88Eu6tIcZ4SkBf%2B7Va16MuEF%2Fx9mJ8Rwv4W6ljxlunHWU8e9dLIjlVurgWupetzbLDCMfuNU%2FNWMN7vwq2caPupDHTg8kMHpHwFTov9ldWB90EltWC7mPFbRimmRdeLbSim7MUXByLbttqmhocrysWmQgKgyw5IusECIvvaos0az8eG9smbCFhprtZ%2BRrqp0
,派出所回应山东一金店被抢,,/l?e=0a18Z1J810KVXYD9wgdHYEfSbYGdHu7H19llZmyeXFRB%2FMcUhEgml186ofrIDwcYCquLOWq3csvJLXO88i6GZZuoF7Mg53uj9X8lyMc8lipy42bC7seFhC6eTU9hSflQz5%2FtLzqDmQPQhjZvyn4QJeGxQqZCQuE2efF7ULEA6IBGsLjQdEsi1edv1sTxnXXDmifi82XGSITpEBz48MIwbhwNKbuAwDZCSUVRhIGQrZ3hsMMGA96TXcHNSx9x2SEM96yrWDd1yTcztRBTwAiSrEQv6hXWfoq%2Fayp29t6uAHZh0ElWhRe%2FX2Xjl%2ByZak9tEySpf48dbEyVGUc26mPpfqn3Mm27rJjN4NKC5fF06O9oJMKfHb6V
,珠海户籍居民可一周去一次澳门,,/l?e=235d5TMoXJt6PMFMyc2JoTt24aaakdh3MeeosrfUhYmwkrCPcWH6W%2FwAoOTavRdn9e6TB0JqbxRRjr%2FZaRS96Wq9LzWLchYsaTF2f%2Bmr6tmKjkFuGM41eyrXJdPg6ZndjKx1xuG64H1yFubvikWf%2FJCUYkOQGOmONXm4oLgCna6zeXn%2B%2BE%2BHWMBKyqZ%2BtqStHv9PnUR7ImaHTcLDzX3elKBWLjKSeDJ%2FEwF6w7XAanhLw1H0149k0e8nH2J50j%2FbtDt6X0KpkMprEF3MSrTNZkdH2O49rmrhJXRQJRSFKytj9IEMFOzz7QgaGswg%2FvhNdolTb7rpfe%2FB5bSdWSS0jLHTRp7h%2BB%2Bab8PeyClFPB3Pu8%2BrYzMPOTrbDJVNjvu1Nd0zEgz6PhOmM05FxmS38qhQkYDw
,蓝天救援队辟谣外卖小哥海上送外卖,,/l?e=3b49%2F0BHcWz4%2FBe00P53ySKEC45uXTDguetmFQOZHEvggd3ATGbqXW9tEEGdq7VEXF8lyF1vsNLOVkxEJx8eLJYK971x7BIi0RTB%2Fr7VQ%2B7mlOi8C1n7yry0p88PNqGdd%2BrAXYTcRlNijiAsbjYdgFMLSBegDSK1DpE%2Fy8TdXudSBI%2B%2BEUTinUJQoj2W2WGUGCHlLKtELUUUYdZVnmZ79Ajvnmjse6l%2BvQSyUfA08tz8rYbUMVMKY552shpK%2BM%2FmCR1JrQnJ29tjxgUvnUafjldkF7L5Vczokqkqwd7JTteYaqNB0Sm5PwRnGuHNu4EkeuW13h%2B4%2FJpkGZasbN9PWG8iHcnukUoGOiIEVM7unFQO0%2BH1Q%2F8S00f%2BpAA%2BlmXGSo79YzRufEubUCAr5fqqJnOrMYP3xt%2FllZ%2BNX7ZgMRVP7CfOJJ1AJYMMI32yz2XT9Isy
,卫兰她整晚在写信,,/l?e=3e0cCCFsUTd0WjV%2FGUXM%2B4iBxsFhGTmpmvnVh%2BFf3Q7W9Das%2BjGGJ%2BtntA%2BcVWQO7U02pWq%2FWT9AybcjfB9xZgIjFLsN4YQNFnUe%2FqMAQyUjC2IqUfqhLwjiWvPgcchs82fSj4yWknN9xyVE%2F9tXKRcQxgYGJkugQ3UrGePJUoSKFmDqbLUZFmkjnLNSinKRIYyzS357%2BjxlMN7iROcobfOwKtK%2BLvGguy9ddmhTAnqSkVg2XNZchwDPcHMPviyWMIIFlWrhthsqRQoJI5wlXXt3KjGmey4aXL%2B0
,鹿晗好拽,,/l?e=1cbfzuSVBLTITUSI4fFbX9YCFYcaq4l8BxQ0raWia62p6HchQ285ACLiF4m7vTSIXn4KdN0nXD1YDlEhHiRnE7LrBoS5H9TNC5OSxDi0ScyDJFoZlOAN0uc4gz7aDTx842FYhMkq3i1IyZ6RW%2F5XP%2FaFLS0AGqbXAgRdIq4vVmqR0nkrDUnoAlSvuuKUUfJDZWxStdazb3LkB7vASrlv
,108是法考生的幸运数,,/l?e=5967csyEG3kEqa0Wvz%2BqDiZ84ZTJ60LPxqRJjrhe3ybHBy7jHdb3twQ1vxc9k3L%2Bah%2FZnWFjz3TH2OEllN27iAXt1NlTDQuR7a%2FRkVuUioU7rMXL7xoy4DfU6XNP%2BEDGBMyxjlqTg1jmpfFCpNNP7YmdWnVxkbs1akl8cAGmxWAY3RSVIS15RUpT8iiQ4Jux4BdDtF8L9Af7LCrbbKw46bOa6CRAHaPAgyv%2BTfhqqzJIHL3S%2FoNurZYwAx9lHeKxXBVEsBfZqjLefirVwBbkAUJ5Im%2BD9E1pd%2Fs9Pnyr
,NewJeans解约发布会后首现身,,/l?e=c6ee372L9rTeLwE89NbFULHBGA1VdzRAAXH37G9dZqftlanoa7%2BYfd9mjea6gxoxHaj9DdB%2FvmYjGLV%2Bj42FjYDWMyDc23xOrOnWA0CR7guPHI2qrrydZ2pWjgDST5PosnEUSY2%2FG2cmNKyI6Dqgzm1G%2FpaoS5zzdJc5IqgaBsVWuvbSlkgAroGbf47WZxVG9lCCP%2BQZHUZ7CzoiVMGVAMvaT0OPKrpKnWVERj55bppnc6BdowASeIRR9YxTgN8r%2FZcQI5HM%2FTs51zjlIDHYpajcWZYRnWuKI096FrhAjYbhpCoOrv%2BTKCS8zxCAb%2FDnaEU
,唐嫣COSMO文艺女主大片,,/l?e=67dbsef1cpKnlnZoJcirknyyPbMcQWp8Qcu0qgP2LMe85sibQV7BJIf88OvKBgjzH%2FbblOKMfclqTJuH%2BMbVmayob%2F1RgzeoO5wmAr11fQaraZRlUNcSTd34oGYzN8FYhV7KmPi%2FR64UPMgABk1ohw6nILUb9xzkBrOs%2B2e0Kak1U9Z1%2Fs9RU8pVvMlx%2FItjXvH99%2FX8K1yZv7LoBJVxTvmQpQl%2Fgyd0Zo0rOwcDzaegxlfCZDIfw7Nj%2B70crbZpDJesPGmVDWmYPaDlaLgiHG3X9%2FsTyLGc64PEU4CnPq4
,何洁时隔十年再唱rap,,/l?e=f73c%2F2YyyoeKU5EfxR7l%2BG6%2BOfAk3Sb9c%2F%2BEVviSI1FqvnaBUhmwTZRod6A3ObWFr3cSLL6Mmnb4%2FYRgnmT%2F4LXWT870iBP3ml2KwrzLuCx8sQUikwYm0KtphgMUQmUtb6htREMGWFb3EWE49e7ZwMcsmkj%2Bw6bFPSZBty2NboFIEhrXp5ThP5CQlb7saD2Lz%2FP0jNqaNEBS7RUL0m%2Fu7EOuKxPZNsFBPQDFkcXKLhvASLmXUecg2ccQB5VA8sJJrcS3IpMqO8oWWd2nbstyhmoUzl24QyZ%2BjO8bc1Xj
,古巨基cue宋亚轩,,/l?e=f22aNt5iHheEkmIgWRUBkxPLbWRr%2FIq97%2B%2FmhwHL3HSdBCntOUlJdycSxdH5%2BeWHj76YV%2FrmOoKfjv7VSd73KQH%2BH6s7DTe%2FkcvwET49d11U%2BfcwqAipWkLOA8a5Mbu0EJd7ocxitNpcIgz6BJYVHFplT%2FYtcVQH%2FXYiOaa%2FN4eYG6P4%2BxK%2BsHmF5d8Ktte10bW4tjlF2DLupN9kndxSX7vtPTGlq17hNiIY7TRQeHdT80ng7ymg5zdU3EJLkSRQ
,WBG官宣Crisp离队,,/l?e=0a52t5sujA7BtcTlomgwzl%2B20nE7tS02H4oBbGwh4nctl0jxff17t4LfwPv3vsWW0ofyAGnV9hBQNUA1MnFMN4mHl3h2tsY2yjUKhXtasAg9eRhJGSKK9sBl85qLn9%2BGhN%2FsSW%2BFH%2BBX%2FH6mzQgWg87OBzLRpr8QyQf0BsirgJtrOndcwIPOaK4mIYE%2F64RPOKHIpZ%2F9YrWLl%2Fn9Uo%2B5TK%2FOb79eZTo
,11点05分是郑思维进国家队时间,,/l?e=aa31X%2FVLKinH8jj%2B95NE%2FHeolE9kfWl95nzpBbikVvdiQ%2FkJdr4lmFws7WY3ieoYnvUdQLeoLXocotQTaU2gXSy4y4GoEFp0iN5KrlJNCL3y%2BMZm7ONzWu1uif6NGUVa7HxQdjSKoJBb9nY8bNQ0ljQ3kHUK7c%2FrhdoZ%2FSAgXeDzs7702LmGr7LDoDCJHRCsI%2F75oVahg4x0%2BMdbHUt3PBeyYBf06Hn2UZrK5bCnphHlc4zga0PEEXfCnfCnKHt%2FXLf28NcmQviEn8sSI0y667jnre3ayGwea%2BKXqb0ZURY%2FO0yM%2B5Z2bza1SLYJPyBcE14VpDN0gPwWhYcsBHc5n1pxFpM8qRzlqW7JOByBuxT2EU1o9UUiENfugg
,黄雅琼回应郑思维退出国际赛场,,/l?e=c357C2FsU3uxo3l%2BckYY%2B4O%2F0pec0d3BIRWA9jmjhmcuNxF2ygGzt%2BGaXqCeWDo8eCD14jOYKAfPCip9EEKjQmptfdRFaAhRGpobu7OkIot95b4LqiUZPbvVZawoK7zUpYXfzQMm9oUNmlw479Gk6dxABRDkE7urwGoKP58bHNzZ9Nb8IF2n4vcD84aJM3Zkg5DZWcUSluaASJMYHoiyQu4fpUX1eljV0HV3o1drSs%2Fva5H%2BsORZzcyMcM4izAJs1mcwPaBkVux%2ByxuJff6eY1kuHueKWqYMpyTzHP0StNg8Ac9B%2B1Js7j7yrCQ3PP9kcev76mGMg2YadkHlCEqH8RLxyy4zezIV3T7HhUCYxyC57ED1411dS%2BKaaocCe4uv%2FqzxkZz5FYZLFnSfq7tr4mTrYzLH
,中国奥委会祝郑思维一切顺利,,/l?e=566cOqE1vM7fTvn1ogwpeHR5sHG0sHSav2z0nb7bTqspZ9eW536e3mUk%2F3e4YfrajkLmQN0SJOMunL4YhLyTzaUN3epTZOx257AMNEIH2OSB8Yo%2F2PiiDbKF12gX752JLdymbBvozOkDjKfiiDwDHDHRcyRjDsxZtx0JsRLSm9avzN%2BOMbavw%2FuUD5IA46OfRFQQog03IEBD8RVP2wLVjYi%2F%2BA4ytq8S6CYzJhweJBeDnHWNGCtAau5rB4IdRcaF4M6OEgSsGj5spjjzMAYSefCDnzoiDHe8wDBNIP4k3h4GDmAs%2FBDe4s6dbLCCl1kCYvXe7NA9kpPVPHyMvq%2FEfzP5ct8%2B3JYRyjo%2B%2FXGqukWcdAMxloOuH%2FyWUX5N2MDQYZwgt684
,陈少熙预言家,,/l?e=623frxBGH0hEd7Qu7Fy1wG6WOb2vOgKCiY2NGnfBNsn5%2FezsBSfpA8bzCw90JD3Qhz551kzeN6FP60h9I9Dwvndl%2FUH64T1wvj8fluxCsgvzrvKah6loh5TW0etatxqcH8tmkSGfKGTszC3AnG3OgB%2B0et1lHY9wMsZTqYdHWiRbIVn%2BlaHIBDYMIdrzz29duweCk5Xo0d5RIlw28BDVeX3xbjW5VuMcYhghiB5ozzjOhwp6jOEaw4jLLDet
,羽绒行业人士谈生产内幕,,/l?e=b3342uQT0TpqnDXhdPPeJ%2Bi4AZ%2Bq7Kge9ci2p34EUBpQqHarsB6XLRYtqj%2F2gftrkznG3KoLgYWJMcWZVs5t8EMp6K%2FXurCrUU5TAOZFH9opVsjOv2iOGENdGsa3Bz64%2FySytDg4QQE2oKwa9f8hQOGnRzRPGRSoxvPUHKsYpLryFN77d7Lha4OqZta%2FxbPan%2BkG6Zkw6%2FTBm%2BgQRqGV2KaL6nHpEbTelu4dAdsAyVSySSte5Gc%2F1Am1KLLrTcnUOcg26sF92N8zJXvgXSHXyiIbmvBls%2BMLyJz51vNplQ1rQpNjB%2FR71n%2BzaiXFzGjgO9EwYci4fgWV2ZEBbmZnUuRMyfcPMao8
,官方通报学校食堂吃出青虫蜗牛,,/l?e=7b4fQKXib1wCDwsU3kmXr0H7KR0ruSmo%2BKfYeOkl9UrzhSOYw90bbx6tY6%2FlcX97M3rZBq6xo5QnD2QIzdArKXakWPI8EtF%2B0M6Qjf9Asw8y0Xc9xQNSgaqzYObvGdb7PRP6joSSbB726f5JEpywolwl%2BkBly%2BJxRLyfZOI5%2BaDpaojJYOH2AGwEVyyd672DBcNUrEhyF%2Bq5SD8wvWIHCR2jKo4Pjg7OUWtGPOhxuULwUJKeuLuBypQiHrnPUppApEsPlg%2Fy8vSM8ibNQEmUxvg7L8Ntecaxd6xtQNOKAZOAiB8yToEqWupa2tHhHdgstqMxn0gOmnZveGsRXjLz1Erk8bFLrKWKr1huJXy0HXBmGMcAnLsX8N94Tey9t2MZRBUdXgDv2uH3mUbCyVvVi8AMi1qK
,婚内婚外老婆情人饭局修罗场,,/l?e=06f32E10HzYNL0ZmawAuf3iuDV0Hu8pmE6Lo35OH1f5V1DQLFc%2BFYJ92KbzTC9g%2FiIw%2FNamWawzlpfFB0pOpriFDug3ZDZWZmhCmeX4V28XvMNZpig8ljIhLO4zTVvob%2FSYL0S85c0trJn2Q5uRMbFLbu1PYho5B%2FR46CtsF6xtfUkdozsCayIiexjH30dmPmNNhnZ7lXrahZw0zm4sjmpCdRSlho8XyIw93o1LvgECBNPtorbt6LoFoTFVLLqS6B3pckDJykU5xPsFEpkBZdTEvvKqF1n19CwpYgfe0egI0JpXwYYM1XP8nsyeX212q9FfwPoOWerVBXDnPldKBXYDVDgwBjDLmPHR4tZEwobLhUPuOQuP83QDSJjePJXV8gP%2Bc%2BYlZ
,Puff和Langx和解,,/l?e=a2d9CrKzWHgaSYTTKYHpT%2BvjXUCT2D1wcU1bWdYNyuwURt5umAGaK6Gs7ZqXpN7zQAZavEib%2FNqN3NaEyRR3IH39KouniCj2emDCwV8JOgQBYqOVI%2FZdjPnFLfLct8GjF3RnCMChNf4%2FTDY80MZQv193J0HsLokooUf9sVjHgAcQwFam5nYcvaRlhmsJofuBPP9OPJz0eR4s
,国乒备战2024成都混团世界杯,,/l?e=81ffQM1QffM7KG7i3CJAJOIBM7%2F1JByReiLmsDtcpsiAidxxd8IPbeqVrX1hA0x8wcXIgT1B5c0QEWqQoH6i8AxfjN0Adu4lyTXBkxHfb8vKAsji1U1yUggzUItH5tmzM9%2BKxxCLTqKIO5khhrXWtdlO8Sr9UWCFkQwX0ZZPoeER6hfoAkcYU4MJ5z9wakoOCL7Noandn%2FUHtW0vpDnNpJ7QyXkne7hLDDjcbOBq6H0Ssm%2FYr9uHuAmS5m3kETn3dvfLiPUHiapFiuc190rQYDYSpppMAUGT6TgItNzv4GXcIu7j2c0DUgieJ%2FojaisaUyW47%2BZtmIPB2xu50ecE%2BUt1SbGJ5Bd7%2BzmEcg
,苏新皓我记得那天阳光很好,,/l?e=6641BDABZKKLXljR3WBcjuO4Mv8J7srE7zEfXxKPJR%2BDkgNiAuALszgyBpg9adVDRl8hpZjsBfI1l9JV4bXI3WExeLhd4En7MUb68YcoDOMTG9WKI5a6RVM3UynatJqWU9enkRzeiYCrt%2Bv94Dl8InI3%2Fcq2bZKDMusX1p7QhqpKeWkoeNnv7IcBNjzuQS%2BvulU1UWU0bNABctITTo%2BmzLo5GDZdmpDH4UPtbAuYlz%2F8zFuUEDCxmyi7GiM8HcgLZmwm5yB%2FhV1WRgkQxQlnIIaEheApxB1t%2Fi7xsmieqKu%2BNmcmoPKOG%2B1gveEvyTdarco5fjNE27ctvbciViF8wrnFkhgbnBeZpex2YuCs%2B3N254jdlJHO
,金泰亨单曲空降,,/l?e=8913zSnwZPYn1WbhXxL9acUU1hlWAHGPdLBu4Tlhdr7P4wyTeEV%2BDq%2FIdFKiJ1q%2Ff8jp9o4KT1%2FLCCZXXLTwvWHvsnBxmeerpoInZwLzs7IuoDMdncOp3Y3xFlvfeXd8ehu%2Bd2b1XUx3d0koOmaonTFxaDAkgIsTW7mPYiPuyqNmIFlCSlCMqZBx0z1USU8IXxfLYUX%2BDMIsToyOJR4Jf3dsVhYCcoGl9GFH6KFGm%2Fs4JHVx7Te8D6hFUUEZPgAEMSZDbn1bpwDl4nxK
,唐嫣粉发未来造型,,/l?e=716br109kpDQKfcpQrjSO7bwTIiiA57BUF28iw0Vb56OmYXiwiGBpNPpLd2KeBFAAbftBsjE%2BxQHwiVFkMuh8lc4R%2BuV6BTUeB0%2FKv%2Ft9Yd6a7i%2FqLfMN6ClC6k9E9guvgp7RuSWl20oGnavIsXq0yKgNGhDFwIXLDPWIBtBD8d7pD4jI%2Fx%2F9y%2BImxpm0zZHMUQjeEYhzRB9oqWVxuFLEvcDBP6PNRQ84y7Up%2BC7QDQMsfiADCO2lvXWWVL3W5MnLRXojeI8I4tNnJoJwK1mnFBtlybOuvzMqF6P
,冯绍峰接想想放学回家,,/l?e=b265DP%2BSAimS16Y8lFfjSlCHAYEfNXc7fKpip1pOi%2FpnSXX8IlKrbM3Gkk5AIli3kGxvM%2FWIWlHyTxPRrlDupRqtcMW7%2FhJZxzJWAwLRR%2FlH4IuQs8PvsBg9Kq3pkaVmJ4rYNqN%2B3TD43kr1Vpn3AyzDNqa9jWmtKa2UvmOe%2F5hr3KWp%2F7%2BUKAe6Ts2Dzi34XLsELPODFd%2BRsI41e4ajq4t%2Bo5F43IGTtmiJPjVuDbOg91wmSj28r7jOcC3JSOLG4O7IsJ8QzmhoAwgIq5nKeeBkUnbSGypfBGBMZQof4CPmdFlT1kozQUe7eOhN77QlHBNCmLRKsXto
,冲锋衣成顶流是靠什么征服年轻人,,/l?e=1d27aB70azW6D8JuvmCiHnU0XRiV3FMeRmk7PQX7Nn%2B46OnPkckZE0IpaPNBWYXtjzW%2FbuQPajehwrPNjqcE7UcJ%2Blj8ueF6DlbMD%2FfTPcm2Z7S37vinMHaUmCxHyX9JrcbbMWkEC1jTWciXtgGANR0upyShNdobLpzG9oxT3TgsGN67KQsJ8y7%2B6M%2Fk%2FhxhaPKH6xLdEqV%2FC27jzgrOBplEEvtq3EvFgoqZFlmQUeui02gw0VApLxmfVvbRxSCBFI0HTns4omjaTI7btDalWk56LirY6LWTeTWSOPSqMFaTCdVJ%2FcRi13g%2Fq%2Byrg7x%2BEbhJdc%2BiSFnN2Ozx2wyQaj3H2xfZjs4zNLefCwXXX9zOQf6BHe7CYR9LxzshHUQE8%2Brm%2FGhJFvLaWfj1zekZ6PskpiwCyj6ltF7s6F94k90P3ExB
