排序,标题,热度,链接
1.,扎根中国大地赓续中华文脉厚植学术根基,,/l?e=539bP2fImVVDgZr0H7O7cWvZut6LYFHTLC18i5ZQbSGtlfNoi2H1QHk87UmjCv%2BTxydjy8vKqG7UTxmZRvTzlklxdLAgEDrzlgIUuxykGi2oTQlygWfbxza%2BT6Ub68a4vaNstFsoo6xECcxeRcHO6ABuZRBc3KEo0MQveCo3OID1lbnyIaetm0FSSTua8OWw7NcJUGswu77ugSg1tjQess1a8f3FQsTP1QuhJlSTEJuNFRrzbnCkkWWoLN0ejtQUTSDbe91HhGZW45vyTkJ97h1jCaKxNcJIRMahNE7t1if7ucpmuaRU9ZVZbMENGnsHLRaLmP8mi07NmWTZZVACMqe7bUWys1OTTEWeWlvi8IX%2FU1a7uXTGUz98ZX3Pxh8wc%2BktxxA6J5csdiGBhnqYOPaNl292fe16d3ub0O8EVMcJOQvQ0R0E46ZBoeZ%2BEPs5putR%2B1qAHqcZ%2Bu5q73rsPDsnn0T%2FF4fY3C1UrOWZ93lY
2.,外交部回应优衣库不用新疆棉,299.0万,/l?e=2269wZnqzrEAxch1A72lojp8HA9dY8Ox3hlr5SP%2FQRQS192uMbCOt%2BAmN3wIeLyNDSMmqVEtDqA%2BEK5yXSWF5kWmXTE%2F8ub8AI2B5LPLcm1ikEBED8Sp1xlGTPYd1axGgMnZjQFqkxk9B%2BlVUIShbHoWMJm4r7anSr%2F0Gno43Ip1dC4Y054hMXCOnjvKvC4mNwNSdUwOXfNagQUT4nuCJLGVgausnXVPZruXkGrWuh797aTBIJIfCRvH3pfs0d3YTZRHmNL9oEDY4RarxhOW3UoRX1gEZHicUhY0nMei5P2pEE2lKUfWfM1b0rzzWeROtvF37yzpIQWA085oZ49TrUhMihMOYx6lF4w5vGEmX4jNq08YM21w1iPdOYNAyMhgJHbC%2BWA3
3.,春晚官博回复檀健次春晚相关,晚会 888700,/l?e=9bfdkknjNazKJaZ9YPRDPzlR83XMApjRUTUaq0nvlGlUjCnlRjQnNytAU%2BBcdLEd%2F9oUyNG9pCFv8fpIfcsbYs6lfRfk4WdSoqMkDHbR0a72cawFAodRffxE8fccAiCJg0RYKjkWHI0Qb6ooQL%2Fc1ROZy9wtQDUNaIkY8q%2BwGwQUtSlmD4LM77Reag7t7yw%2BEAAn7HNFayrPp8Is5VcrxBpNVZDkJZzv%2BbqRk4%2FObVvPuxY6aq4JFsbrsNkXSjJg4RKe%2F5JCiJRaT6qwFJH7Q1BED1h8x1oQey5Y314zE3zEgidy3vUyuLha5884eL0mQbYl8dLf2Xn14qjdh%2FHz9O0%2Bnft04cv%2BeG5OANvammXks4NWJhtZxFQMZGc%2Fa5xCHcXikGF6
4.,43位志愿军烈士遗骸今日安葬,81.3万,/l?e=0d6ag5VrAxPdt8jiK7062xdjmaaueNFbluNQIRWB5wN0FoqtVc7inVq%2Fr%2B5wld3SnG1yIW7V011izHRRHiVRyeSfPHjwrLZF3Xv%2Fo5R4%2Bx2wZA4OTlx9ArzJBLeU2q2XbHYgqPrdy3l%2FTqa2t0dtYxA1ybx6KSf%2FGfhV7%2FtccfPH5L2oozMXaZ8eI%2FKGpKWrA7PTZL8eX66c4tmaH3%2BBuMVLzuXOzXmQ6RQCtN5ZiNGF06NLrvWeBIy7GhggIOLK5IgfopWEUgayO%2BP9ormb3mHTBmHkXMTfezGfI2A3Fzah0z151J6noM43JIrWOiTYwFWz3HnbLqt5By8sh3Nd%2FzcDdlQqVbzbusUnas0Rbx5Dsk4T76HG6wM
5.,韩安冉称do脸模板是赵露思,76.2万,/l?e=0835bvO3p3kmvW%2FgVX3hV4VXQYncVbl2qY2EL4BOgBaZtM3Q9nDMO4CgieMeEYVh7Hgx2OzOgVcP2URum9eVOaH4p2qS7IMfhJz59MLhA%2F3Z8I16Ws03j%2Be%2FCoi7by1jMVb7pGcS%2BX6ZG6Llbk54ILgrtALJ9oi9Td8%2BFYMJ1VjJ7fVL0VA0AlCL165wdsq1wFNUy5vvBeQ%2B2phPWKsm%2Bj3SfJoq6Jv1gClGd%2B3C3BLEvTPmubstYJ8wxRueMijlZDZMODrH0bYNDrTCu9tZjOCKGrBKEQelCZJ6F%2FfxvyY3C%2BdhheWZJfgOsTOYS3TuLH%2Fqx6HXtM6rrG6UJYQNN9xPqfF%2F8PkdEhs
6.,巴黎世家售出8天后要顾客补1147元,66.9万,/l?e=a79fTomX4bBGjLxj6ryxdeGldAS8mLvD5oC6avfRZx8ANCdP8e7G1Z5q8OWQHpDUAeoWxO%2FMKzCkfFuEeucls2xwjG%2FLLX8HeMiFEXQApUstyechMdSpeMsUJ8iwxN%2BUclxCh6ewhf%2F3cZpPoY8YZwSzl%2BvrMBNpFftTLv4e0tn1TJaqyQDQDAxupUi1Lq52MVj3%2Ff147yB%2FHbqc6m8YdzWENwwoAZPHojjADSMHyy5q51WhHe2JtE88bUkK%2FVsir91sFf%2BytWSCJtmzyPGN%2BRP2JwCfiwnQ8XAHJlo7XMZulPXSejGWNvMZWbSCp58P7x10iTb%2FKUExj6Z7aAe7lhiR0TH5g9eJs71i5Zzgy5PoPCRMY41YIzRQBOOCB7S9ulWufmqh0Jnjohk
7.,印政府还在用被封杀4年的中国APP,41.4万,/l?e=5431r%2FKeKG5sE1zgnDVBKQ4n0UQ24R%2F3aI%2Bb5%2Fu4%2BKRzyqWX5DO33LN13NO%2BNmQj0ExDgI0WKpXzrlcGVvvsKkN5ZP%2BEkm5WamSsdfEjgnXmGkJzv8k7uZJzbbi4e1iUqRNnu7OcCweOztgSNytiFAWVt6taiIUJACyx%2BExcw3VG4JWeJZvjGNCjMTaaRfr4beVmjC43ITMQqdVSAfVFitIrHY%2FFukhui11uQVhr%2BWcrlrtXKq1VaGgj3OZCJedrunJoaGLf3A3rOAprhavHEsTzTy%2BhzZFQOrXtlVR%2Bp86WgAUnsWejqwaGg8UGNnmy0OULsjgfNR5hjh%2F3AF2TTWYcwZ25GeQSOrQQuHUUSaSyat2M9CoJbOXgAoFPvNPTXIM2yDsBfg9iVQ
8.,星动剪刀手养成日记,,/l?e=b79dBjU6wgKTxvrEPgVWM1YFHdn1oBaPJXkleDNgycNH0Q%2BrQQA3O0HtO7YQhRZSp7W%2Fsv90gHmY3LNg76DrLa6fwIsf3IJEd5fdttebhs6Rmv3nJgw1%2Bc7DHWSwJy7iVFY%2BuX9qCWU0lAWo5xLvj11pZQT6hrtTdyjGplMWVgcaEd4S9UaDpPCWAj7H9CFUO5h6o6TnfOEBj3nTOQN6pyKVRgQROnvg8q%2FCDAQ8%2B5P2OYJYbQHwQW0Kjdvs3I3LnGwqj%2FI6an0niQyLv0ZifyX%2F941JXiyf7NcGVsuutB%2BOmZ4%2F%2By%2BMgN2k
9.,鹿晗回应喝多了,41.3万,/l?e=3ee9SU59%2F34SoOMeNrcKwGxXogL4unjCEkMPTnP02iXqvVyOwzk5EPy%2FFNX1AlOXFGBZzyuJmnw%2BjM%2FoPsUvpWXLyFnMoKxdL1xOq7bcNq5FlCG6HqJu2FdnVMT4F6Hm4zRk5sgoIJQSOp2wtKlrb00ok28pvivqLZmz3BTjlROoCAc%2BrUKUMQkxhP7xTo9MWFsAygOdixxSuJtry3uA%2FLRv%2FktUXiGUuv9AOjJlpoYLTVUGazqPlh78e6H%2F7cMx1g%2B9L62OK%2BlE3fqm
10.,蛇年春晚标识有什么寓意,综艺 411590,/l?e=aa140xd5DeGtinza0WCW5DTo3AKmd4G9epYDB%2F5mhOvJ%2FRH4NorY%2FeNyk%2F7pf0ClZ8ffpMFeKMqhD%2FgZJ34OM7bxBtifo8juAsqM2r5gwV2gFidXhmsVS8i%2Fj1AOYPJLQSkVnKnGfHZkAk7AVCyJHtW1Zj874OTzTXGG1ibbnCJLBMME%2F31EdapE8xBw1EuSRyr2%2F9yCON3Ak99quolVjLp3rkyx%2BRTW7jinuva01yA%2BdG1M1bB%2B6UN6L78wV0y64FDWSmsBJwnLlvFDHSbTGpCin8oylfwhBKkBRhL1jc14urzFKiaX7X9wmmkdoEqIBYo0AWIsfpMgrsz5oZIc%2B1MmhxyF8cTE
11.,A股三大指数11月收红,40.9万,/l?e=99987qQVP%2BBn4rrsFphyw0PhrADTGOP9Ls032eP1vWlUU41JctGEw0QuwzUOchHZtLhuouftlfyZIZJXPtHa9vv3M7PWTHFFXHTMo3NuD4E4MhUE5RQT86vwynQQ1HFR40QQi2x0JnL2EfFYTFW0Th0AvAThqHftuuGxbb4RPQSNA9ypYgnE9DzJxwPVPb6R5ytmI1ex00YUtsPU9lQBI24n45M3r9CJa0c%2BPwQ5oz4b8hu7YTa%2BupXSpT3P%2Bc5tvZrJPGQ0HfzMsWVZrk06hvLtG0JXzbo9AifoDH3a
12.,韩国人的精致穷,40.6万,/l?e=757be6L%2Blde8xPDpK5bbY3n0syb%2B4zb3x3LNGxrCDO9zMqQLrRmYKw6vpf8InR%2B%2F4KmHaBQcKMAwJP%2BdaZnx6AqePsKiLhA8%2FRPqGHXvD%2BKCwWiPhhXXrvd0WYXz4W8VTXSySjwfBL%2B7rDdqk%2B436N0gXLfYvYLIv%2Bq3NDwZh%2BWqkiqq81vC6A7ZNEGarGnKuRxDaGNsAytcpJK6b1DgO%2FfJ3tltzrqBpCNU2FoanvySLt7BRrN%2FPhT4D%2BpItzoUq1qVjBdX93BfP%2FHq
13.,17名男女KTV聚众吸毒被一锅端,39.7万,/l?e=c7991LF3GCJtHnp2a0G9ZZ9Thdf6DYqe6UppRXJKGCGw8DKeu99bi8%2FIKNCwy6xm4pjBElegs92Tr5ZWLvlfMWmWTS%2FsyAuM2mzJ5EDasgHrOiRXL78AvV9RWt2SPxVGD3A6ktIH3zlcZOBILOPcv80kXpkj%2Fj2%2F0IZ4RLqPaC0VeAAGqoyQbZVHF1QxgJA3QQhiofZaf8x4LD0ecpNA6ris2KuL5Z2pqA8Eq9yTRQyXD6rYvzLC68uwFmQCu%2BGd4NZ97oLGa0IqdbYoAXx8sc0qlnIYLvxX3AghI%2FTwavfQiGK%2FiNwkAOsIWzu0jGzxkyZcWWbslLoR4DRRL2cgMLijpiP4d3HZZkg7Aco
14.,鹿晗好拽,37.6万,/l?e=dfbegQISJIt8SRjNDlOHtIkxfof6pCl6I08CQSkJu%2FuUZEdP6znZKoneIQvpiUYGlWWaW9PSqzNmPIYHEzx9Rkqsujr4m4in54BDi3r%2B9XFwrwpqt%2BxFCmdZyztyCAFiSjQEaaJOHVCRbQs61chhlE%2FsG%2Btu4B7P4J8soFuo5XmLLmZeLx%2F%2BGpIbC415jyUoL1h0PlwrOqIbntvzI7c%2F
15.,再见爱人4第七期视频没了,综艺 334653,/l?e=28ba0lkGAPgZ%2B9yLlsDSCi8GwyRZtvfp0bUvSWO1VCqt9UtSHMG7G2DA0zURwItNGJm2li6XvRJ4xLvFh%2Bbjd38tLGfn2Aopbp1ZcbgkS8NrQWY1tRkvi12ajyGQg5LGd7L%2BpvC5mYNr15wH6RcVbD5Z5S%2BD2wGUU2qhFQo7cK6I6EBQP2T2QygwBq7YtS234hN4Ek6BIpAPSj7H5D26o%2BnGn2IXqSnz3if69ULzUv%2BqeeaZilTd8Paf0pEsRNxNxGy1MUlzQ1z%2BpkADihzP6aq%2FP9mETAauCEewxB7i2pWe%2FZEyRq8oi%2Btwy1EmX4CoBF7%2ByCIUpQVt%2BMts4pT24y7fwym1DDmqyQ
16.,导致胃癌的6个高危因素,33.2万,/l?e=7e8cCQ0hkdc%2FFdh5STNaRc7FxaYHKWbBOAJnuNDKbdCdbbNfntRsRXUd6wABr8%2BZTAsfcKeXLrqmY%2Fo9wXqGm2dQOAPy9IYmPur%2Bb5gLOep2ZbJZq9Md7s%2Furq%2F7NsEKle%2Bc4GTup7%2FKPsN6kYDLUotFpmQ%2FJJlpf6aNaTdQt9PDLIHYrG9orZdv962CW4p5sZxrFuXUcPlNnaI2J7LCNPjBK872O%2FGXpr%2BMwcERJQwMH9ah05%2FXDRaaTtiPgOySmGfVL5b%2BHbUH0zPUPJBVgKhOIB0hIcBKxoJnQRUpA2r71L7OsEV3Yfrc5MFqqYCy0hs8gYmWZicCYQ
17.,黄雅琼回应郑思维退出国际赛场,30.2万,/l?e=71dfNwnwXR82cZ%2BC7R5hSRROKrsx1WHcFlf8KH%2BE5Jwu7ETx4X4576ZukMNW0JDraxEK0oInRL%2FTUdYpvbXjdBDj0b7QzB2VPdN4CMmSLx6qMWbviaMqAJQz7BeZl05cMc5MzFnmKQdDGrPOUiq2P8w2PZ37p7bNZY0icQYK2vhbUihDlZ1xpqeORv45Ft0sejV2Z4AY5MNgg5wIZSJUGr8uRMfrV2oYhY17JkgHoF2fetgCoiDszUJ7yzBdrYr0cSx1kimrm%2B7dslR6V4UCjFhwvfHTjhyGCQfexs4ZNMRY%2FvTWkEP1TNSkmNSEmmnc52YVIJcsVTPa3Y%2BSXldoqszlOd0m0mnV9420rr%2BD26xqzCn5IsPK%2F%2FoCxs7SBCy0LIHBycaXaSMnZQHNbjAo%2FEE7bXnn
18.,美国女子抱婴儿袭警母女都被射杀,23.6万,/l?e=1254E4fRdekK3sHqFKFmolmj6rnKJPgA9Cotms%2BkfH0oeXo%2B%2FqWgPyEFBFKUE8AZIlz9dCjE%2BePUdjNdA4LbK0TRDxy1nyQWjbt5cBdkHfC5fwVdpmR6H656bTT33di0mi%2FLQUGaSoHxstMzA%2F8wPwleSVGb%2FYFySFR9jVtsHBsCqfq8er8QHAmdj5AGtQWF3ufykKlDxWNUbqHTSVeru%2BajlkJ3%2FmhLm4vY94M3vSo1VAM2czt2JmRoKiyUbXEWQOdsGjURpmmwBzM9DEzdwiTN1kfP3zgClp1%2F4XTXwWIDpi%2ByURrGh1R%2F52olrsSxFwOJZP62tHsbYr7ospnM7vMrkj6EpNLqXu3lgFi6De4QqOHJjwFfQu%2FESEpzhqykNBLTjq%2BSq4qdg6CbAMh34gzFMhJhDtPDDPc592zERFE2ZG3%2B
19.,官方公布冷藏车厢内8人窒息死亡详情,23.2万,/l?e=2175QmavClacYBbqkBB3nm14vT0HoQPO2kw146e0S8bp8GucTjN%2FhAhiyLE40Ca0YXUC9OaVjgUnJc6oG%2Bl%2FgVoMppNZpPv5jSeizjONJVb12FkKJuN3B%2F9gREMC1dw2BLzSznABYhKEMR06wWlAuIv612thYk%2FiDP8kDUmkmzaYwNeQ%2BnhL%2FEVyBlWTBMthWvVJd76HdufsaLuz%2Bv%2BIbsr3bnstCdy9nDXe78b8wGs%2Bu4%2Bzt0BDK2cHwCHs84A%2FGDyDnOIObFVCytwJeEsnNLEJ%2FnaNU4IS6YPUAq1UBZxSQ7NS%2FpYA8HicVsbIIqffYTZoyG7LLDlI0i0vwHA8GS%2B3Z%2FrtHXJLHLLIRbMhaZ0tWZGMALQpA9InvLH4dfhYtZVW47aqU226C04WBEPYNnTMrvUUsV18sbAdtZ20ouBGIVICzPRic5wj747%2FwVtKt7PKcw
20.,蛇年春晚看九命相柳,晚会 229738,/l?e=6fa18f9exxA%2FPbAW5ontXGGGCX5kmSduq%2Fn66whuaBc7zpOJNhGjN9h1wnjm0jskVbTALtcP3XAXLRyXpUyvHKVYuIsRPJO454LxbsPnBQ6uqs3kJ4QXnP1AXoyVaEVTYZXIji7IoCWVVNNC%2B0j3wSryWav0CarQMz1zyjAwxi%2BgBRrkk20gQXa%2Bycz3a6TDoCWZvawtMaU5fIX2tEY%2FiIBlDRSRUF9IYcY2Ac6gVC69IWqXQtgOTTan9%2Ba7AGJyQos3Un%2B1MNn4DIgZi7thHNBtHm02pXZYRNHZWIchefJtSZTX7FQ1AZiH
21.,张婧仪眉骨阴影,22.3万,/l?e=17c64D7wfRFdwV4IyWsrp5Eo40okRz2goCcYOVOSAE8jsahETbANOvAc0Yqx37pKFeLCwoeQS39xchsJsHNXHCmUk97C18fwhAQvanQs7xzg77ptNW2KHFePGHGIATbJOfXByPxJuqmdK6i0U0DszDpq75EQnwU%2Fwkycz%2BxWVI0VasW6QW%2B%2FS26NVE5r89sXZWo3cZUq6nCt397Y5muW3e0CO0wMbIngfsMIDMwCwv%2BfGliZtsNT2uPGkb%2BPUajRILZbtGG9rpK2Bglx
22.,打游戏一直稳是什么体验,22.1万,/l?e=3666M9BhZfaUmOLys0CNAvQunZkuBDvu9iM%2FSIZSQmsXuuetKYf6Z0DBsBG0ECzCawkaBbhKmckmqLuOfXO%2BqTTIOFEtcONk2%2BqCI4XiRdhhStfD9oymu4atOWb495qfADj551ZbKCYqLBbRr9RqVH%2BMv2rEUBL9uWMMXRPM86vqVXK9%2F4Ey89yeB0Ho3U5ZhUTWG91ePt4jwnYhzIFKeTWuhJzBYwbfqyMKMEv9NEMH%2F5aurEK45gUu2f2B7SrCaMa7Pac6J3bl5fXFfDKSEpI%2B%2Fc0yKdjYh1ohfD3q1XMqUH%2Byq1IxEc8bUrE18jvjOn5%2Fy2kKh9uoGNguw3Psw085EGhacnSo
23.,中国游客在马尔代夫潜水遭鲨鱼咬头,21.5万,/l?e=0b8fNgS%2FRmgHpZq1eqamTL1L6gbtwHxZD01x5ZVa27%2Fr9hoNryVsipuLVcEbM5pm6DtIYgCSDJnpcG3rckCDOwH4vkJLgjl%2FGWz395cchAbq3aLw6kyk4p98wNaZs%2BOWddcsQYxcMXmJ%2FUkvTl2BzTH%2BubRGWTq0RlqJvbXXpkTaW8Cgo%2FetXRnJShNfeWHyKZoNOAkRwIo9ZezQYngdw2xEAwwk34ZIwT3iktywQ0D%2BVf4OFUyISYM%2F7%2FUuLpbkGovwcM24LhawL%2F4Phzw5fuKtdTSRmNdKwa9OlhD6u1iV9XLcYxw%2BVO1UsoOGHgkJQcOO9imDHstE%2BRSpqh9NAa%2B5z82gVU470Hd3TJDrsV80TOUgo32zAjU%2BGGvepmuM2nwukviUEX2QCHDd%2B3DMCbz%2FLz2ZgHA0RqJLRcbmrNR9oq6og5p9A2B%2Buyd8Z%2FzP7Cds
24.,周密把周芯竹买话筒的钱转给她了,20.9万,/l?e=5729xtIQOL8iOJd7NLum2WKl3rA4DhUhML71ZnYk3%2FC7zZeAGVMeYqB0jcvkrPjJmoKRv3gxs55G3QnPxTeNgBaizkchjD6ljzGRl%2FtEu93rrxIbDCS4jZtOGAtiI%2BFPInPqNoD2E%2BvRIKvEc3WQcszSneEGHya9Q2fR1Sj7SwT6kbN3baDGP4sZfS3U2ddRpIb7pwklU%2BltzWklgNDrSOghwt3LsCHy1JZcKfPZ6LWFF3HuBW9IRfTqDzKZCXVYsqiY6sIe0RUd08AmHfjrSAwQVT2GovtWuScM4s5Z86AyPbZ9TIiY1QLj7EObwi1UMV9kSTvasebRcnkyJdXRM4jrT4WpzFX88VKQ%2BsaJ6IWK12xU8BDPwavxBiAMErkEqFB7ucetiu%2Fda4Giz2YJ8xMY3fhb5A3ORvyjY77SJlyiLTkd
25.,冯绍峰接想想放学回家,20.8万,/l?e=ebceYf9qQ4MsvXqKnScHg%2Fg70nnKabCKE5Y7idiaoQzxb4PSNaSggxDBjbOjQ8vj0zianKElErwjBBs48xdWhHrt8zHrqLS6g%2FBNCMO%2Bsjbj%2BqDexs%2BbjHGOj9d7AVQpWrVye3z8Ah12n0ptxKDH0Hw6C0rvFnGuntuJa%2B%2Bz7T8irroIDsR6TclZLiMiiHvQSqsfT6lgqCmri43%2F1h1yE14Mmn39IddOKBlYRHYYixvoKg7Ft1POTbKYfI3KDDkg55wCnfgyXD6Otprcdr89WPqoG2sbNtiplTnGc84lbRSXJSUYUMp2RGE%2FSSTfTkktoq5%2BaOgzjWWP
26.,林一长沙活动取消,20.1万,/l?e=8a07CU0ODw9xYUGShrY0Ri4w8IEW7rS34Rov6cm6WKHvQiCd%2FKcP0be0FCOS1qONIA7HX4ZONclRIeogG85DL6s2ZWEstIPfsT1iQ28DqOcmBpveFXRNB6jLYXbKOZIV6g%2FMV92SmBGqnYV5tUcNGg9Aia9BmqEhgDc3u1tcOZwCDdnm4xXCDZ5PcfErBQQChDsfgJAiQLH7iQ%2FscQONy%2FV9S2fwCIFv6Uh33ZIOGzs8%2BI3h6Ld%2BFmthaeVy5jKwqdRir%2Be8TUqtDWgu4pB%2BT0MacXOMHu%2B%2Bn0Iw
27.,郑思维回复樊振东祝你我都一樊风顺,19.6万,/l?e=69c0h8lzJAQzf1Ha3vp6M5pM1WADMVZszGnMbRfN7kspzMB8DQBPeXOs3nRqJ43%2ByTaigVELmSkGyhSbCqqGSZY2nlx4QEVCLW3Tclf49rDfNfMPHQi3W%2Bxk8oLex4%2BRZ1AKSl91NgJU5vOFixS0%2BgwQLe8zlyWbwaHnwmCftwxWrxXZuStYxrmqIOrRp5ZXL%2FQAnFClf0JMX1cUp%2Fo4BSK%2F8Kp%2FcVyCsovG%2BfbeLAth34E2kVELjVkvG8umepZc4rFnQ8aNX1YfVSvZKg9baUEYKMIqwidxntxJrbjdI2B7UO9wI81djwydzzth2PAtgFqrcm81iXQ1VBIc2iMvNfutc%2FZjHA9DuZOEh0%2BcBlHM8nfouoMDQBONXs%2F23lRT%2BsT2CqG4Hlrw6B6EQuVHCwDTcZOgE53ZgCLIRD6vP1nWazI%2BoGDXC8GSzAFRnHoysIal
28.,安以轩老公被判处13年有期徒刑,19.3万,/l?e=86730EORQLjoe5YpJWrgE0oCpzijt1iLviIJq3hDpEx116T0v9%2BENIiLKs6EU9Sp9cS2G3CbaSaZVAYoAi9bM0e0lYDzBj4FafEVCmj9JzDyQt%2FfiwoX4aMJE%2BBfji7%2FQpUhpj17cl74nxOwSmIm9Cjr9iGac9kqN2kMu2xAxc8qKqnYQ9FNJ%2BikduS9e0dXYE%2B06gVsnBydOsvfDhY%2FQW3rXCQmI%2BcKEB6d8B1XG5XrcVnmgL5QXKEiRqj9W5Rfqk9DfE6x%2BLJD4z8WfDG4Kwut9rR3sc7orUhdCfPj%2BI%2BWy2sC8mgHiQUH5vfJrQo%2F6PUvibullg8%2BAeIwExvuflEUauKfRIprhXT9mwGHl7bNSOUKMolofv2cPFs4tv0wP%2FomCSmmQfA
29.,女子在中医诊所遭性侵医生被刑拘,18.8万,/l?e=54d5JBiiq6fIzBLTMqzakrzun9ubGkxse8%2BQpXconTrAuMrmAjZjrMDJboj8%2Bigog3rLTTwCPNHpBF85DYZmYDM9rp%2BLkSZxMAyRcFPjjooKTedDQ2uVj9R3hGYF1d18d2dl2nNyYKqY%2BxbKMbEnkJnozmDXRUxNgMmWQX7LHofv17BNJHwrDkXMI%2FI2hzobTtYVmLESr4zZijtM3HZH4OTz2Oh3dLDEccxDtPiFitFg14u3IvcIj65faUuK93YGfO1Pv5sKxf1uxobWCTEe6oEWuAKS%2FMDPUsGIQt8HaMZC3Jjyr24J0LNMxCZB3lHGvDYySMwU7JAaieu8yA620AyjeaqR36omw%2BmH7MMyDNPRqDaflARjcRzP1MPYcKsgdPSt%2FMj5c7bAzLHuYdXoN4SVMFpWWLXGjC5IyyfI%2FF2ypShI
30.,蛇年春晚官宣,晚会 175129,/l?e=0264zEH4WyRDaV4p4%2B5zmsJjD8MGRPCqEUL1tsYYGZoBcREFj%2Bt5ae8JkRA%2FsnRp2FYWakLtH2MphE1lS41NIPaNRpLOkGxEagLMdYkolWrlqVyWpmFA60o7kLogR2Fy%2FgNfBgqrFV2qSx%2BVJc1DpGFVm9GxcoXW9m29MB17dvBPJJNfJ50%2BhvyXRwYGpHxEvmwXNuKIkF%2FrPpFgVx3FIxKS4ts334%2F%2F6bxWWqwDxqScveUhxkm8rdpLsOhY
31.,郑思维说我在杭州等你,17.4万,/l?e=15dbcUaddV6NpmyveZXVNiAp1TcpIxzRm8hqOqQclKQ60p8JuWB4bs2YeXDRs2aQYsv2d4%2Flq6%2BjEfH98Kuo7NqwXKN8DzsxveTNM07ypKCA%2FtbsM1ExjdNQQYSYYC7TpcAOVGR6bmlaBdfhhgmB4YvzUOkXTpqCE%2BUOTNh7Wm%2B%2FsKiMjnjIGF2Y9R6adssfUy733LYsbQ%2BPW3Qe2fVesJ1cVRbgCDmfZMrjHACKJKlx0bIOjsihlFObFLI8JEyUtaa9kxpPp4WVBsVPfFsTm5d1F8z%2Fk54FRCR7zer7%2BSbG63pLKUm04wPV15zvaOPlc0vgcEwkc7rg
32.,王源头像P了个新帽子,17.3万,/l?e=febbhWCatfArYCjAsRuYvvJND2y%2Fr7WPcdhcWXOz5cBaomn%2F3pQ9rSOh4%2BZqWlpyZR1mapzGIdFJwPlST2i9ocHgszR8K19XlIuCvOclJCea4Rpc%2FfaLPbyX7mEKQKPOPItTj4jKo874wSdvv0HbnDGC4ldBLaoEEYwdbT2vTF4OrByrKkE386xB87vJsJ8rxq%2BraJNR%2FHaYvLlQaNt%2FcEsqYR6HY2lg2NWd4akir4qg5grxyVKUvzX9hV5tY6G3AFaFXRgo79wEFIiNF1hXjLbnvPA2JsoCAd6uFx3c0YBeKgFhEwCRZWpnTA
33.,为什么刑侦剧多在东北拍,16.9万,/l?e=7052MgzcqTXlzJnq6zjWCu0qLjnxW5EFTYCHVPpsEFfo7l8tAmuSLJSMOIOXZPEl73aunsQWzaxXq0F421%2Fdr8LbD1KFMOR197wKNwSUBVy7WVJeZWg4nLeYQIwGl2o6RtGO5fqmT50sMHxMzGOsiEPA5CxTURiLqxXUayiA3pM3P05EShyft1ICbtpisIOyFBZCRAUXJzldtFQTQ7H0WW4NatUDQEhU13TdoBUQYzXzlo4x6UiXJ4MzqWfYhDmoJ7rJ4mydelO8cwNjA0NdIfXz1EhlOA6Kd1L0sNn3clh52JuBvxuWzXuxek3qCwXGNjYfKuFeyMOq34%2FWQP2ewRHMlkUUtlDq
34.,iQOONeo10双芯战神,16.8万,/l?e=ec0bR1GKg1U3BfGd3PNiGqrx9jICC8OsmfhI%2FmlCZYmONKQFfnzPS8g3qmx03Al6Yl3D%2BS1e612XdFgBB0K28R4Paj6O5pm5qtcI%2FR54JK1nRdtJnXAhKzq85yy4muyLfZdxhRIc%2F4h11Yc5WSqCo9dzIZIdheNhXmozqyxztJXVA9PeR%2F1zLZI9IO5HNPhSdK1HMr2GJnwh4YRtffKdx0VFt3IzTWtW
35.,辅警因为一次好奇9年后救了一条命,16.8万,/l?e=5b34G3P3Hyhymo9Ch9alVDXOF9QdsYe9%2BChEp4HpDzHrB3rjuMksUF3qOPYBTCQkWNlv9aQ4ueCnefL05L43WxHDLa7FOCo%2FnGLgHN8Zd4gwlFfdWeP4atW88ZCCUpg%2FC4ov4YJhzQxwvvSfUy3Hem9btgcLrLXrmgChLSGlW8WUBMZQw6oQQp9lLTJvRl1t4Mt1GYd%2ByLJ3RbLq%2FwcFiHqoWSFrzFgWJLD8z%2F%2FMMF7ngQDAvNwE6zRNYe4mcdArJrNgfU29LxQTKuaKIH9aG2xIIwSXF6EVMOP3cSD6KYV2HcVKcCut5PkB%2BcXvufzVuhct76NYFKOse9vfwYcoYOFjueIhpGfKSL%2Btxp%2BxsCCYCH9rywrfsnGLTakxmRehPi0aS6owHqL9XRK2DdIxBqUUrk62djp8X5mnnNi%2FGrqDuRYDeQ
36.,年轻人买的水果半数是情感商品,14.2万,/l?e=8e13M2K40wjDSIspjIp42TGZoGuS0VCk0aLtsJohDg6wPP6X6CHqGXZvZTHWDnR04RqmUNmRqcHNgqhuKMRQFeOe6nDBe5yf5APLoVb5B0a2dzugOVLpDnQgKtxQiZE3VZzQ1heK7YeP3DDgTdzQuwhvsLQK2ttXrOm5C41B%2BDMxPOThbh8bLtw6M7Cz5514d1laBBNStRp%2BY47tj0L4qzuAsVzPYhI%2BHic%2BwLKA%2BtZYsetn%2Fgrf%2BGH18yUZlExaYYvl8OT43%2BQTvVTKwvqlg4ANnLRR%2FXDIIHBrCsfMEJtVr%2BCUGAefgZ6wbCAi%2FEcEHkBG6YETUzj%2BXkcjTHlvTzvRiOgwajcq5X9X3saX9NaFZN2xR63K6W%2F%2BvtFdnGnWOhQ9mtwCw2cmwM6ua0lWRBosYO3f
37.,周翊然周放一搭嫂弟二搭姑侄,14.2万,/l?e=f730qaTA%2FBk7UYJmXhZX1BFZ7cCI9jnk2gDs61x5v2tH3daBHDkaoIqKNZZ5zfDui4lanDB5P7FK0HqA92Vxd0ayyvqTabrWD48p6ePgPbVSOlhGEFRYQI3tLncl73DDMvVEcmcX0vO4JwsoQd59cLfJIqddX0dy6004p%2FphECeQOTXIGNrb1lmFBBBrcp4%2FaO9EFssJLLrYvREeHe1vxOJLu%2F2M8punZ6ewxbewlhDzokQhbZCyeUt%2B9IAFcTKTQ8JO7aKlOpxlTQwEAAaqHkApm5JsNnJzRNn2MJQdLc1uTWAvcvTogp73VlwWa7sxTSNGzTi8dBtIk%2F67YjpwxjykQ%2FCpWxIdnnxUi7lvNjMgoZR1%2B7wFndf2B1o9QdjBhZEhveGu
38.,优衣库客服已读不回,13.8万,/l?e=26a29eQF%2BnVWBwluvfPN%2FetaMYBTCWhikRXPSTbxUTTaZLpVadaTn%2B5MklN8BaKqDx7Q4i8jtRk6l%2Fe49xxu2iRdOgUD%2BDpYO%2FsCULj3gimHZuFbosXwcJmQlt2h%2F5Go8sOtf10l4PhgEWbzyF4orGNj%2BSsXBQaKOhp5d835BWpQg22Uy3KkHIE8pnMGl3Y6%2FHleTUPcaBtgkB4lg%2BsXJNfCMh%2BQtodUg8ONDi2uQCMX4CHRPjvwbqaHgFJYqFY9VNrhYGHyWuQpWrqwwcl8qx9RKJrOO%2BbiXrPQwUvWIOB1e2s76cZWmJ2z
39.,国产剧奇葩婆婆又出新款了,剧集 133301,/l?e=f942V6vLlR2yYPxRe56J683WgyC30zGqsMLVwC391qSpAE2dH575%2FruDsqa%2BAmwHf3DDdIKiYTWTRNQzlf6ajYbndVGz32M1G%2B27DaI%2BNlviLNNbmaTm68sQS4IZ76W5YnEn1r1jvWi0njKOI9JkE5fluFNppfaooEyilJFscG3O6Kg8bXkX9u128ARGFI2t2I1nt8q8%2FNTSDobPee%2BrHn7a5c1Uw0Y25jUi2mbns8Aj8NdDz0XHhgsqZlco8B35fL6WwUFfXuej47rvGAUITEDqF7SK1Ffz%2Fqsd32bkHygD%2BWUsD0EHMczJ2vs5NpajRDA5gVb49uN2HUmFP2M1Ibnot4NZ2am4kiuuJdG8tD3MMN8O6nlZ
40.,丁禹兮看人深情是因为六百度近视,综艺 132684,/l?e=5fc7%2BUCOL6azG0kseme22DyUraef6ok1T%2FibeMoGJjps5UbqaY5uoOsr3dQ%2BG3%2BR5kzitZHq8ZgXHh3IOn%2F6E6Np8ZZz53cHe9YtJf0aS%2FhuDZHKzKn7cTL6U2L9zaKmx1fWg29FD%2Fpuk9chIpHfKJzbspwA0uqKORiHkXWQn3AzoJvktGm4Ky9getg9sV28CL7OLySYPG838T3QKv0Yx891lbvH3SwN51XYYHixWkrFY1QEE25piraTD8HeueYp%2FLca9ynvEmIta%2BewjRn9BcN6HtFKydgbyAcYylI5n56uiFys%2B79SD69Kced54VwtLESoJfwwo7pZFbkmbx%2BXvK90tYwt5E3oniLr9J0bBUIPJOFUXPG2tAHA8KVWAYcPxohMEViCDAxoBJdOK4axhLgreSsUla3uG4q37ulbB1%2FfbLfq
41.,樊振东对郑思维说风正一帆悬,13.1万,/l?e=6005lcIBHyey699XWREfbPYlK0SAQw9bMk7qlf9AyM%2BaqbbW%2FGJyNS4KJAkHizl4FGC8%2F9IT32741Xy2o1%2BeJHyqPiwMWYQxmbL9InNT8rQkyf62at0KNPt2C%2FVsnpsGNX73oyH53ePg0SrNN9ilaFUpMn5Of%2FU1sqxLQkvS9%2FkD5uZ4f5JJckfx%2FDBo6fzPDZ21Tmfzgk6YQolxyEacqhbE9gJ3DCpOd8YvpumzFqMnVgtxNWMeT1jHO7suVG%2FkwPLkUDX0esSfr0gqhggjyZ0Zz%2FyuAIPoNpPx9QTDBx%2F4HBfMawF%2FINHj0tALjmUlqKDHpIE%2B8wNjtEyHq5Q2fPWsfixxPTV8GL36zQRjOs6WbdLB9XTm1ezXdSrC4Vz%2FnRV7aq%2B7
42.,TES官宣Meiko离队,12.9万,/l?e=36a6IF9YXbowoIvr6lr7xy%2FuQto72qbS9RcCPZoM1uyJMNuPPsvIbCZU%2FdLtwdX%2FLBqFuHjiIkeDsUpqgUD6M3aEK5NhgJp%2F2kAgpMjN0Rr5JtmHvpmcTHiBqKBu08kp6YMEWVg6bVhoy%2FZjVuBcNaPEoo9O1zRg5FmLZ640gQzekZFcrbf5BlsxjQsRX1WVgN0eJPB%2FY0spyfAqsPzi8UocpFbL%2F%2Fo
43.,王楠女儿落选国乒少年集训队,12.7万,/l?e=d979I9bhA6m0nCgsPX2rz%2B8ZPm7UrK3VSJIW14IerH%2BuUHBD%2FZ9jykSQ1iGZ%2F6PZsfyM%2Bj0SCW9iJ5VRUmBULNp%2Bn7by%2Bkw8Nh1dS4VO3%2BdiByVOm6yaQhCCwpsjOkQA3F8gn60%2BYmFeNnXT2TMpbOuqvsGS%2B6J88uEnxCyM6wJh8pIvi1wIv3vCxyEYlVLaMvbvT9WPZS29Wn1FvyGh%2BUEaLNXu1n2d%2FjkmaHGjHRaDJwkB3JgH3HdYchegRU%2Fh91oYFNW7jn4yuTj5e2ox3wnHtS6YE4rLCxTS2e%2BpqJvZz0n5MdRaKa%2Bmo2ZwFCIzNLVvwmOPoPZhlwFgTVMKRFS5VdW8szPEGLbNKO3AZWNUOQ%2Fg6hxKOCbjjmWtogOf7eT7jXgI
44.,优衣库在华业绩下滑,12.6万,/l?e=22eczBn4CFYtd3Ex5PhBqMnjXgTUJjkuxhJaglNOaLB922nKnrlHEnDF1TP0GD%2F76YY6ODQl6cWB9FhXFwAX3gHpoEYvyXrsfF3uCQ%2Bkt1bhcodDEgFN7KPhEvEoTQOQRoheU%2BDyd2wruwwvERCClUSafizLVcJBS%2BvszkTFX48moCFcNy%2BDM7aLPSfPwm%2FM63vdQZuvGpyuHjIhskaFozXygVUbVevMQyYElPd644gUZF%2B084bcxTkTLM8Nh5AUgQ7k2G7prm3e%2FptT1V%2BUedsqByYp2V6DtpeFzjSCSfxvPCOkwGWioPK7
45.,侵华日军日记曝光南京大屠杀新证,12.6万,/l?e=8fc7KC4X2QJQvci5GGcZg%2B5KPEyGq9PXsyAYXX4ATRFwU9CNAtHEd8FVSEzxoFXjzNEcjRG4BfC4FLR8lE6vyGq%2FBLn999hr%2FG0mQ0MSSsZBkNWCPokw799RN9Zo8zhCV9vzboxtILC8zrD6qVsjfkbuVyMCPdhGZHmCsvzk41RNqMO%2BsDUlg0J2QUW2Sa9uvCVjN64GsRpksL2zt7cJrPLqqrCckqswstYU4eW7h4bXS6xL6fDhHncJJBjC45Sq4Cda3gZNtKIotyc%2FuOWobQwwNDv3xKjD9nIVF4Mx708hw9P%2FZmJZRvAqEBWDQM2Q7NzDUkzJxI3%2B3ymXH83hzBvKiRiTiPWUu70qZmf4X8Rt5nnvXEZsJ%2BUwIHSsL6VvJOBye9MI0%2FKXH1wcUmXNPOqP0KSpXOjz%2FY5SKb9u0uuWn%2BiW
46.,奥斯卡宁荣荣 新还珠格格,剧集 123615,/l?e=0301WysS5kZ7l6M8OgKjeddJHftFJeczvtNLBRpNIdafeCvEKimlohZnVucy7BP8cA%2B3XFR1TTNvRR1OOjeaT0tpJPOpkiogLqRp0Naq%2BtKEQTbK3N0A%2BSPbr4xGu0xtQk9B1sm1KIom57qWodUKt02ZklhZsvbJC6BF0bnn%2Brf%2FJpL2K581TUGePaNkVCbSEZEZ01Fh3Jvm0omSB1RWwM%2BF1v35PPvdi1yx5v3fJFgQBmSCS5ufsuQfQh1Gufgwb9WaR7IsDc6TJFXWa9exr55FLBEtxHQev6CmWFNcbxD8P5jvZgpugD3T2Vrqwd4Xbt9eFrl7jCPFj1kX3hBsw%2Bg7tSbgjEQw0qgV
47.,你家的筷子多久没换了,12.0万,/l?e=9f473yh3%2FVRtayYg%2BcT9BMHVsEeOwy4VwBaVM4Ay5Rhto6ixu7JqR%2BvLGzN8RVJS8FN37CEuTcrTiRjDu3jAviQM%2FZTyAKmnqqg0%2FV2G81gngJY6Q9%2BQyoErcuNuJDzTYxaf1PsMi1qEDjh22XXLE3GRz4twu%2B6GeWnWGxwJwNmtp65f5neCQL9Qrmd4k6NqRvsKJQRYybsK7Opq%2B%2FhpygbVJw8yiGlZvwEpXfCnOg8neBFDBGf58IeEzPwB%2FOgtGpJfS%2BntPpISJW3LfHQQolEjkb4mtJ0g0H%2FDBqiTOvDsp99LrG4XRancQy8JpcP4DB0%2BWovTMUhK
48.,珠海户籍居民可一周去一次澳门,11.8万,/l?e=fdd0RYGB9rXgeRzIkpJ663A9J%2B3BFfyFkP1carzZXqy5UgbW6K1WyFsUp0z%2F80sf%2FPwvGZ3qHN9tiZB3NcTP5itUlu5dUKbLu2JmoC%2FmynXrELXMK0uhTYLYNqS10scxq0MrL2x2DlXNLcu7lXX5acMOX7nub9pkhh%2B7E%2FV0wBh9EV4Nx1Dsm2IVbzxCBsgkJc4Cb4U8xLDiE9Vy0mbWGol61Io8ZqLLbeyd8SWFQlQZp0cdqbb0F%2BlGdUnYoDgZTP2BEHTr5uXrNnQDwzl7SHpzf7fi9hA7L3CIRdYeIELBf%2BnVjO4CrnkzjDKqX%2B2NW19SswSu9ZBy1IoqQHch2C0lztssNzRq%2F2RTrl6WDfu%2FsMvBw43PLL8So93cfsBKjccCvrtL7Kl65%2BFZcr86ebtz9UTn
49.,杨子黄圣依 人设,综艺 110717,/l?e=e71dPkDUip7eQHWa7njfMAn21IQucZ3tTW24qyRJAhHoxBASJ3DDM2UBwpgI3vBdt3dqvnsFSYF1y00ZwAMgMNhSBRE4uRpvCUdPzhMJs6ktE%2FN3VoeuTXWtJghzRuFvZa%2B%2FbBHFTiNgdem9Esn1h3bwgRfoIU9MkdhgdPEfm3uOTiMQIt1yhMzAoyoYfb5vra2u7LkQpE6H%2FhiD8mKl2MMXeaKYbVGelI8FwEt%2Bw4B6tRhhFpp22rUL5DvZXkf3Sd6yKXCt5c3ZehtZ2Snb
50.,澳网亚太区外卡赛,11.0万,/l?e=1284o6Rk1DcURxaeXOwsg23qP%2F5Fd3FW%2B0tgVQ9dasRLD%2F10BLhk7NhmNSheaoDCoUdjECbS233apI9Qpv4fnAcuwYQll%2BOz3DIimVApu1c0nRFG%2B66%2B0bd%2BBPaRM5qiP%2Fe5tzaTOh5pDBPf21sawVx7NU%2Fhiqamu8fnKWhqvzUyu5U4K4OD1ZRnswTq2EnbtB%2FUrQQjasI%2Bceyc0%2FxJIFvjNtKkLfwHb6srjxoOoSBvUdGmV5L7OykUOh8I1GIluxpl0CxvURXIBf1FCA3om4F0EJgssa05o7OD
51.,儿媳控告公婆未经允许在客厅安监控,10.9万,/l?e=8b16VtdNfPvu6hppN9Y6%2FUj7FjNnv2HmapoHySJhgsXeaxTUwQqxYBYO6yopOgsZhd8db4nFK8%2FisUmaQ0pxZIvQ%2Bjdj80Ll4nC2CBFX0zGKl2lpI7sUwsmr3%2FxNHGhPHYc3ritsCYddM6rp8%2B7ZKZMwUIfRdSCipQCIL4L3VNLfAdtYGvomTukD%2B7ozEmCRCU4WxHvvRVgKFwZJ7opl1A%2F7HhWg1Pl34NQ5ZvnT24vMO7zDiol5HkZhVlgbxqA3BB2uQn64eEZ4v%2F6kl%2FHalBf7kZWkEd0Y3ixIGwBZ0NuCUO9N79oRrEcLX%2BFIThtr7HL0CSZ96OA38O22ti8%2BMvcT9PanPMld3tfDblw8ZLzOcrTnBABzSEGTtZJv24M1yAL%2BEMF7jbJc%2BYdOMZNSAqJDXywJbH6vEsirxdiafbsW7uWEfrye%2FGCd%2FctcTQnadnxk
52.,侵华日军日记描述南京尸体如山,10.9万,/l?e=6fbc2F%2Fq2XCyTl4Eb4b9rV6v3CBzZtvfSLmeYH1yZ%2FzWZniOfK2zUPj1wrLD1rFQpTN5Qrb5%2FH6K7IR7ywk8mn%2FzH0hFPele1MTVuIzUTPDSkBFG8eSek1aL5g44FELAoh7BCtHqiJ8X6pGtNuJs%2BjN2WCZxA69KbqlEEuIdbezCFQRlWHGh8PuQ9uqu3Hn9okT1BTZEkBTcwA5M%2FqbEmNiRmA1CWqL5dL3W%2B8I2aHGYE69WzPDJbxsCTdQyrZDNE2MPDHc600NyBGg1yvj6cALzOBwDtl2iC2P47gwn6QVTSGOSAmS7br3s2b%2BEmYL%2BrZJF0MCR6jZruUiFEM8mf1WxMABRnjd6FRj2qk%2F9dRSiL%2Fkwg2wUVRG88Iu1trYloWHOFsRv8nGUthPe4cNQb%2B5cF4YE
2024-11-29,蛇年春晚看九命相柳,晚会 229738,/l?e=f200JH%2F2JFC35RC%2FOlFrvZR%2FU8w8440OZkVgzUuiGZ0Vit%2FvN951LVclPMSd%2FnAWNf5ifewVICZ7D00TAmHfdOOP7x9LA6nINl0dDnVE3mx0UMnBrpKCqzLcUNhYfdwzmiugsdkXzRTi2pyb2nYyxMhmITcVadNVVP9gCdyf7Z3yLR18BxuCJeGvFl1uz%2FUSbpXiQ86AgkOXBrM1TAgRqJmbY13QVnrb4cuKjS%2FZYnyi7D6E%2F3ywDK6iBW0PRuXPHrw%2BBWqZjLvh1kY5WnZn0EC1lWUwgv1%2Bt9YatYUYmQrtoLyHgNY1dY%2Be
2024-11-29,张婧仪眉骨阴影,22.3万,/l?e=a994kQHecqYMZWzV1DWnL5FGaMtVxSdZfUUtajOzaGqUY8NScbsN62z8VLlWR71PQdgB2DkcWt%2BBWlEqovF2sEa3XkwW7Njwqwm0qLJuuPray3lGBkF%2BwpNWi9Wwg7aI5hdR2F6VzX7J7mJLMoNprHNgiIrdrrYIsZYOYQiHGm%2BKFgl%2Fr6cQYAjc%2Fh%2BrcZi7wqyeXCj9u9B9%2B3W28BlwzhY48skfzsyMYgC%2FVMoApV%2BCP78%2FrTLhVzs4AonTjn%2BKcyJS%2BI0bzsuhV5%2Bj
2024-11-29,郑思维回复樊振东祝你我都一樊风顺,19.6万,/l?e=63cdMLZ3KCa3yIGyVbaSiI9QdSDuBQQSUPLTH%2BtWeOZeTK357ENxztpZHfeWt0DyQ49lrXMhc5o7AWTRGssMqoysfn7oQIipvdRJa%2BUNDLHoiynEz%2FIRckF1mBbdsuvRMDTIPviDtFb5Zzv3jECtnbhV2mEirjHs%2F%2BrM7ZfHe9rXq%2BAznjucUjh2OEg3J3vU9aUppQEdr1Cvk1Upbmys2uGU4IYqVitAttjIO56%2BhK3ROsmgALQ1VCgytuy4xkWh5ZFufMQDvAvujiPA33ZAsMlsH4t42BsWio3pSZCZYuNdfTbhijUyCy0Nfm7jhCZiybsGk%2FUIv%2BsDYIlJJOdgc7W%2FM1wjQFUjo%2By6tSBP5VrZk2TfM5AtXBDbkxN09iytcb5bEHQ5jRVGyas8cbMLULAd2HJLcCXs512FfNMm7KTLPayrN0sNhI1mUPBeYI5%2B63qz
2024-11-29,安以轩老公被判处13年有期徒刑,19.3万,/l?e=bf69K8HMwsMJ2M7FZ2UYCnGAjmauIg9LenTbiLv02i1RC8qrWkWkqQWyAeFldzAaqvMNLD%2BnG1BqQGYHxXL0%2Bv%2BQZ5Fa93E7yGD2g3ofWxaZhpTOuV%2Br%2Foog2Ugl5XAoijPvqLxxmdt0HKP38DqPc84uLbXAxtmHGkssXmowueAbiGNXC6KgzYAxGs20o62puFVdgYfNHyeb9%2BKK%2Fa6amynF4QmwdglHe5j8GLCKmtmY%2FHLeZE42KmTv546wnjtub9qdTO6Ynz%2FcOx%2F45P0TZeKF4NQo7fQBFrCEGmtsXLQFBD2OYVj1vN3IZiM3WaKRn8gEz0mRULQlHCalmvgHjhW2lys7Egp%2BUaaNauyvbSMFgt6cA4NKO3nxBBhGqNiOonMds1fjoQI
2024-11-29,iQOONeo10双芯战神,16.8万,/l?e=6efeZuyrbyDyEJW4JlP%2FMseIKCA2GdmvhJWGGHiAWXeWoCSPJi9IzJWjNPoqP9vusCjG7ZGmh6UzhXY1qoO4xNbnK8V8uFnL3zygGQpJtkN68Y3%2F9haKo0%2BKEkB9qDrBoPdUCE%2BCDcIqmvSIlRDZjGCdnMAP3UQZSWBMhvBgU2xRdQd4WR4W0XuzrhHn%2BKC5uV%2FmSvKmkoZ%2BV357T02QZfHwjklMtyKb
2024-11-29,周翊然周放一搭嫂弟二搭姑侄,14.2万,/l?e=3aebB9Mx9bcygkj29lCL2QOH3Yw6oLcwtmERnpHmvP6TWBphs3ZMH3toTJjW6LaK%2FQ4sWDomU23Q0O3GTl%2BUEdZpSxDjH%2FmToU0eX86X3clz1LY1Vqb%2Bg6QKsnuH4fC4CHxpF0maP12SuAVBv9cCRJ5vW8ftU1Gh5gu1MJwoc0SAY6gkp1ZIZqhAw1VNEi8TKC5ICqpXavQLNVhdsCS8%2BlG4o3CPZ1JDPDEeok4YaZmPlz7yEsQRqgC2S1v5SdsaPenoD%2FigOVjRCEPCCRG0NrZpI9S0mrSRDc8iuyH3QvP9ytML0ihfLF3crODHtwKvqpTcX5W8VH8BHasXL%2FiYhPTR329biv6us0vnRapUfM0aCcDylap5TaLid2GWlSDAVJp2O4nm
2024-11-29,优衣库客服已读不回,13.8万,/l?e=8124N8WnTxvHYkAFlbYVfxHzhEu19usweziiG1HAmmEtA5jm97tdsgRCtSFadMGzoTWMS4Q9RnxL6o2fDxOdveRfFYNNrTyp8k2GEsd1%2BnuUlG83wuziKgRyHTPtUWE2G%2B273xEl60tj8xeChkyZTtAnqux0OltOB1daaVCWBuF37%2FNY3ZVD3cQpLeUZFIVOb0LYDF7U4M78peSbPwzVB2zQMaRwEx8DmH4A906Be58NhwP6%2FM2JBZ4CqP51qwtbWgLolrrRV3PvcH6pqHNyiDdIuirTRzNSXFE7IY%2FAezQkywfSICafOAMr
2024-11-29,樊振东对郑思维说风正一帆悬,13.1万,/l?e=ad59M0S8qOwVsK6D6cku2XFNJ8%2BzSqxYp8itnRbqefbki6bEu%2BGvWkQj6V1JKV78C9J3lUS6iVGBTCRbN%2F2pL%2B%2BVi%2BQZvunmUaXesmTGiGwl%2FxBpgnuiVCW1UiS%2Bwj2iKwLSEbm6uW2NuEg9Ce3hNlgVxzvf%2FuGUayX4Cgu0uaRDJgl3cQPzA2BkO2BwpkVaqlafGwcq%2BApNx2fp8fopZGIZC9p%2FNihmaDGNUkxZQGiOqEiaIRQNrvL4CYO95ITALcdOx4cb11V6bolqw52mE96HMMThPo4H2F7xCwwVquQXAQlC5Mv0yV%2FESN2uaGqyxJOwubrLoZ6Jv0G%2FqWflM3J9b67GBRGaILspnGO0DkW6hYYPBsc52k2xgYuDFrllkHWEiHnD
2024-11-29,优衣库在华业绩下滑,55.7万阅读 | @南方日报,/l?e=f114zAkIi%2B6cV2C3iStkHO2vmQnOXo18vp8gq1giNDIGLN1Iq5iDD2ko1vSBRT32gLg6iVzMdV8cuXSCJ8t%2BW0SW2cuf367oER57MQ3VW03wLQdWO8C9cwBAiFzan8%2Ba%2B0MZv5uQy4rF1oL1IbkhX1FvL2cbEZmf4dcilD9UUSmyMl8vgodCPwjCQ%2Bgc8y46dC8%2FmxVJ1JYNlOmaaL9C5dwKmeb1sRc6jVMFXExeSXpBI2CnZOIfNM%2FbmeSaQVAsX4v415sUfzGLwo8RrfrQkjNaoebPoCwI4ge7FL2OxjMI9aOmWDUF9Ve4
2024-11-29,2025杂志超全订阅攻略,,/l?e=5895geuf1vp3lHwxzhfTr38iqhrmFaCpRPD%2F91fk7WHxoQ%2F5m%2BYC19g6nOzERdNnRwW859hOKOcxX%2F611F2va4fIH4LWIjkNCnOF81g2xU00NjiHe18PT3pqPRa47G4zqVpS3ioDvIak3XY8JjI%2B%2Ba1SEHDzRXvE2VejVVEqEcUJV4GvOm3nC4ApucGp%2FmyAJD35i5R7hkFCruaZ6K7xaDTHITRUUV%2FEQe2vEkcX17VVfc6VrIl%2BOc69dxjV7tLD3XaMLpU9kHprLgXPFaifgdDZBSLKE03fwRm53u5RTg
2024-11-29,一年一度晒家大赛,,/l?e=1a780q8R5cte7D63uuebwKJe3cZNJfTmMSoDoC1qA1SUXqzZ1Lu7Q6Nv%2FC3jak7n5p%2FAyd%2Fw7Ff%2Bkjsgej%2BH%2FX905BgvxW9QofOevTfGFpPbaOOI5hBsAA%2FBHnZPd6HRaZ%2Fm%2BvCMGYwb17nzX8yjn4v7D0GwpYHZAc%2Fk1LpouE%2FbB3PTmnaXeWOJ9hsmVMmDgdFh4NxQo7fTI%2Ba98APnorQjMhBS8oyZ7aK6IG61ukQ9gbd67mvYqUZ9berKjiIEm71B8JbRfGa7XiEOEG0OqGr4MMgE6iVNfFI1
2024-11-29,A股三大指数11月收红,40.9万,/l?e=87d6cwCPhB80haXPRPfPRCK6eIb04e5r1q20WZWlpde%2FUOGa0g%2FvzEClQZ0%2FLANYMscu6jJVtQ7uEIQ77%2B8974BnVozlYlN%2Bw0S38K6Str7lLPzrJ0p0MeZ5vEIc0XtwzRu5DzsZNBJgNOnE%2F57C3kTg9zADZydZM1TiBADqHqL330lC%2B2TkkHBT%2FIxXy80iYnGlsbpMwmEnVBJBwCCWvqUKLrecUjfVM3znwfb0fObzyQsY8r5isP4SqZCr21d3HSgtG7hQI%2FHTI2VPb1YjpPGJOx8By9VVU%2FJ4L1Wd
2024-11-29,澳网亚太区外卡赛,11.0万,/l?e=35e2g79Tj%2FU6V1SDGlWrqBT49ZooDY3IssCAfrmsKakvbHaq7LG%2BdrCxUOkGCPUw%2Be2sVVBHV0WOiJNBdYmMR7XTp5koOe%2For2slWwoEchBoxbeVXhrGCALx9UpvudR55oDismECtFMLEmpvSRC%2FvgZSSGMqnX6URFVU2UTjMyK5hMpWyxFK5MCE7gw%2BSP0xYTCrNcHN09xTIitFR9GBLPjmqCgqFTWhV05QSk1g2cQmkRbFChvy4Px8p5CUmnoPH7fmQXSZ%2FZ1gOtdhkLQ%2BdrvdFTYSu5LZbIyp
2024-11-29,龚俊城市雨夜撑伞照,23.8万,/l?e=8f9dp%2BSYdNHsa9fnMMiYudKEffFMZQStfNCkGOvV5gP94NPsK860rkWSdMUPBqR2uNW8RWA4jlYJUvl79qgJXysCgaBkbzA9pax2ubb9ly88zpoPjLQXgmQz5Juv0qtgJdMExfP35H03Xn0Yqxbb2LN%2BjbtK%2FWZQbJpRCITn52tiwp3qtUz3ftgyi8H7eXP%2FswUhyU5PevMtT56aXu%2BRJudEqajAQ1Qu%2FqBxGEhuT4K0etMQQAlva%2FQONrRlBBTmGTAnf91X1C4We0EKUswY48fIxGW1gcrafp802id%2B%2Btd8ogGUZUYx3pyN
2024-11-29,郑思维说我在杭州等你,17.4万,/l?e=b40aVlgLaT0TMSozfzjGrLaOxnRNfh39r%2FRpBqHW0mlYAD5vPP9J99Xi31VTTwhXCYwC%2BcXsYgvGBcBqZDUfOwxtvKSuetmdejBwrDljFcadS3YYmuSjvs8I7SpsQtdVItEqQsLC0uU3tXBT828rlAnRIuMhXHZdNIpIgxjM1prhxW9gK%2B9yOVOgRgFLQLcZgVSgR0CMQUdEEov3OWL%2FIPwn2UF0mPwgSI3x2AZKtozQ%2B83QksVsnk8fIlG1YCHz7OKqoFrWAyXhTzTX1iYH%2FHq8eSN%2FDyNPgR6S4BZR6qym9UMAnnOyaFVg0c12BU1Gkd3h7FwSPs5t
2024-11-29,林允滑雪妆,20.6万,/l?e=38cbQCvFmY%2FrRaIIIyd00tGg6MPQsgopKKp0iDeb36zyoiKbuvGR4eQD3e8TQbJ3FWYzViLK%2FAVRlB62vffdidi3Ic48KqRY95z%2B%2FKiS%2FP8%2BTeJ9gRn4XQ9%2F1lmBBNLcKj%2F81%2FeLij9qw9spNYCA6y1%2FiJvykG%2FvCKsR1EFTMb2c92fc3c8p7ZwIhBWJXOwwWVgVbJZC9ARi2rtSi%2FRgpnWcM3Y%2BZShOY3Lq7j1f
2024-11-29,侵华日军日记曝光南京大屠杀新证,124.5万阅读 | @扬子晚报,/l?e=af74H3%2BfTLfBd1ydcl5HtOms0DYGtjC%2F3zYKZMOXTqY6Eq3mnbg%2BFFLpU23z7hSTTa03vIyCRm6dJxOayeFZKUA1JoNSvbvYAnxR8KM49lSTCnCvATNmIN2pNWV82GgOBwOtc0dqdjTawawZ6tH17Bx0HihuF5TkjtfAVm%2FyS6eeH29Q24qxvepL0USnAxXEhT4Y8oYmmtRid%2FWEJwbLwIq7OKa%2F9HiHxWEGmxyqGqCsSkfg8H77VyTCZ95%2FT7QfXgG3Q%2B%2Bqw4wxB2oEX4SduKzNQQswJ%2BVYSUDAEYFzhtqkqTo3nPKpmvNz43cKb8vSGuXkddAIQ%2FZzMfKslUcBP0bD5ETBzeUJSlhSbjI5uZLO%2FY%2Ftl5NRjyxTS%2BQJ45%2FFfc%2Bldrlz%2FUTYnNBTJ6yqIGy9EE0JkhM1GXuQ841hWpJB2IwV
2024-11-29,国产剧奇葩婆婆又出新款了,剧集 133301,/l?e=561aAlds6HmvW8DCHr%2FVCYyR0ld9UROJ3%2Bb8s5si5uwiUy5U9NUqWaTfVP%2Fht2ldfyTj2BF3HySsSwQW83wTf1F2u25ezBJmScz94AgV3hMRTcCtVAYBQEnj4bnMDGBtDlL5fquEDHAjWc4FKSnofzS8y6NuZE1mzf%2Bk6k5ZpmyWxbydFc533DOUwVduqBYzxLPWxo4PjUTeY9hotVFeZds6UYRW7sxUiD3L9TOA7Co%2BIHZJBldxFoJ8e%2B0hGDEOn10j8OXEMpW5IPmcBesRLrIFMx0oYFQoIBkedRSabwFf2h273w7Ko1x8nhIf1xsxM9IILV2DadWy6Y96IUopl1g3jNfiPYTPyXuS2XNR%2BQRwRluCN%2Fwu
2024-11-29,为什么刑侦剧多在东北拍,16.9万,/l?e=9715p%2FY%2Ft3p55%2BzYCuArmWGNkm3A7QnFtznGg1bkpb9maNid9JxbA6e1LLfZhUTiMnrDViR0KnYU5CdVt3KiM%2FBFpmmyveJtJCkjw1mowEss08eiTT4PIiCDwLKEPuKBg%2Bxk%2Bk9kJ409YOo4LM%2F5jFugvwmkBJT5wuc0LQRUpQnc5PSO%2B%2BfZhKuDdxUPj%2BsPqM%2FWzi7pmUZrH9370HMoXUrP70E2yURIwrLjclwnBf%2FQFFvuV2Kc6y3HZudttmZO5oP%2Fyzv1Choqewh85JsRsWyXHicPgf%2FLl8%2BdyFilfYO7ubDsolw%2FU0BwjA1Go%2FDuqgZlMItP6YfgnuHr6kgTdJK7WVpDqfzD
2024-11-29,周密把周芯竹买话筒的钱转给她了,20.9万,/l?e=9bcf1Qvr%2BfbwRHL%2FSFfyJWrfWGNvXlDssdT4hkiZ8IaB8bR1WeRvY%2BQ371rNycCspK61H5xahprYdVQ7K249koTzA3VNVz9OKlOir%2FKvkp4Ja0t0EGRXhGNyFIgHSJ85h4gAmsyWrfe%2BJ%2BnB5%2FhLhBVJPMxTO5LY4Bf%2BRGGK4sz%2F0edkFAHmBXcGViloM9UBY7e6VNuXomvTJZGyv1nC%2Busmv4G2JBfv76dZ3fhOzueiWnf%2BDmtVbc8rqYHI1gHcWQIPIWv3Qv5fh7DU5dWU%2FJ29G77iolyCUDHkcETO2G4AK0UwlFfo5Cqu6M4KOoW%2FpUQ9sLJUI0f%2Bt8sdyJpfSBclIwa6IVXdL3fXwxPpoL1RGjT26WZLj13zC6ab5%2B6CaeaI1MKxOVLYBFX6wAti4Yr2zhKMbjwJKnCoOtvAUpBjbCly
2024-11-29,贺峻霖一路繁花数箱子,综艺 132683,/l?e=1a86%2B%2FOTS%2FjisQaDxbT6gLgKWX1AchqkO6%2FBg3fBdKRBYSmO%2FpYc6mRQ6RWZMYfa5yrZxQszXHuLX%2F0h6EeyyfahFj32NmhtlOxanGYvePUuvSJt5v7GlHrrcs%2BY5hrKNf8xjGPVGqGLGyunWG4OxiTFZpx7mtIHIDzmTHZqql36ukIejqjGx%2FOGmYkqZrUFArgLjIOD69rbQoX3bPbU4Qm1T2LseaBB8KWAdR%2BSipNmZgXekK5xPJMPdvD%2BeVnuHZe6OhrTvfN9axNF7ZqyDkSIzqsDS%2FxbXRm7r7Tzj0hxqcCuKz0KyIqYlrqKgsZ7GcdF2e0x8L6A
2024-11-29,女子在中医诊所遭性侵医生被刑拘,18.8万,/l?e=079f0ZBSM9Tw0u%2FVFF2YL0V4Hjf8Jmt0tV9jWpGuRL77Yq%2FwyTR%2F%2B%2BycNCuB%2FI2ENYGGBKIY5dJoKXLXSr8%2BtMOjL3xy2MF6BsbkM3fT3DL9v6PPiP8NN0u85ToxC%2BIorcq%2BUXZa5xOJE8nz1%2B6QiIOAq14is1EueaX59da36v7PQF2LfaOPwG9Qa2jRX%2FTuR7%2BjJ1CsbqyhGi8YN8IPIWHLz8ZpAKjODcoQNMhJu3yegF5ntow%2BMNcc14nFKejRGmeykSywbNWlD5%2Bn07oOVfT9kfPIi0TTmDv9XBV6fyLBfG5JEyDaoxB4WlS36JHmxsJ2AWlJd4POL0WkdGxTgBznc6%2B0Y4MVldtlmVG48rcT8kyVrYxv1Y9cD6%2B1ZZRZq45chWO1l1plceGGXIZoGkDIOaoUWdlfR3le90EmimPcnZ3H
2024-11-29,印政府还在用被封杀4年的中国APP,306.0万阅读 | @观察者网,/l?e=39b6ITNtsphs%2B03w4Z0Idecktfx1l9%2BOF7bcj%2FvCvQeUbYF7WYsTnWM2X80Zp26EIcN9BCU3sfzF5gvxMsMQlCqaJs5Lz4NnOaO2OR%2BcXT%2Bfwe%2F6BiaxmYTGel6fASpG5mIltVYWc58DbSWeZ6ppKH63a%2FwlfMMsgwgm2%2FMy4tPrTcbcfj1XYLg%2FeBGlVeQkR6grJmHpcwD5R36WEey9zUrEMdcVj4pNGrOO5Zw33y0hx%2F1TA4%2FJFig6fdoVzjb5oJkRZ2No1p8Lh1BJQniCeMFfYaEfsum%2FjPIR%2BFIQmRzBmZUe8t3fcovHA0NAvEuSkcF%2FaccsYzNwMIj9etmlGLRVyWW1Qse%2B9fT6yqpIKU64bVH8t5oDM6BluqTIRPtjAx6NAFXHtk5IqQ
2024-11-29,韩安冉称do脸模板是赵露思,76.2万,/l?e=1d49eE7UPpdWtoAUAXPxnpsdZdn4xXt8Ywdav6H2ytrEfvlksphhI6lM2qxSZTyG0OwsLc1ykZepkXRsDCWsekgEDDeAQRGxjPm5aWWhdPl7qlVewFv3zP9nKetyrGm9eva3SmfVDO4BM18Ul76RMpaPxQgNZyh08cU8hjD4PkoqPqq4s8J060Ml%2B0ge2a5evyHVwogdlfTh6%2FANJDy4pCn6OE3J6KaVL1MtIbOGgEy1WpJXWpnh739LjVRRt9dCu7mfLrBQei9OikoUgkhPvogiAZ5uN43nyoyr8S1PQIjz3cH8%2FkkccPhuqvc4ZCu3zYc5Xf8ew%2F1fs9yJog0sR9dLvts0NJSoSxw
2024-11-29,王曼昱助力亚冬会,28.0万,/l?e=a439xCbDEzHFs7K0opTq5%2F0yYrN9a%2F7Zcwlw9RI2O%2Bd82KpBWAE%2BZZ8%2BIHtF8t7c9uYtigtMJ4fUrZS9u7maWsZbO8JuHga7BatdFwgFCkloVB%2FAN0OPqhl7utFzJ9mA0znZxByrjLuSx1Eknvx5Z2%2Bfl9aEFF2%2FmJB%2FjA7cPTGScol9y9gHufROH%2BPQodIevHKkyQDPXtNGNHI4C9Aja4cqNyL32tZALpPcAzVPQjsM8WpwgT9qqPmtrhv71JUDsx4QUnzng8TU4sFR5BXEoUp7ZC2kMBXGIwvm
2024-11-29,小鬼拍到本智性恋心趴上了,29.7万,/l?e=62c5UDXDcEbwcBYbshhoIadpObxPXQ4CWRmP%2Fj8oEyUUNiFCsqBiCSAYhTkZ3smhq1dybDcycqBPAFTWfHuM1k69Ol3mhIHBA3pQPZCyP86%2B98hItIddTFcsvCR6q2uLECQhF65sNziFUt%2FXCXWxr1yWQ4gOE3oiGZKXu7GRYwC11F8%2F3h8ipYkSWNqeyze9k6g73pQwXpsGhCqBNRDPHLFEFarMNypOJiySwIABiKifgWqmk1frb9t%2FoLQMaTIEMpWzNjm8qGPz%2F9IiWY28FvsyxIt22BLUCIPc5ZzVehoviFiqXGzvfl6BDLC61sIeDrgx9CQK3xD%2B3wfUP8uiH0YiCRQNpVZ8%2BqFqjfftaDznbYZgWXYx
2024-11-29,外交部回应优衣库不用新疆棉,1388.1万阅读 | @国是直通车,/l?e=f107CON12%2FfCvDSfP1W0VTLSd8EMCPgEK8L3jPIM3%2BDiocsHo%2BYYyspZUOkEgjcqN18YJSg2ORsjQUvz1mkrmtpXcsM9xANzzqYDiMp7H5wdsrJgYq0oeNxL7yARQLbifpWgCTo7Kjk4wGJL539zA5ZvpkLjawOqIyZkvOlzIncwXV5prkBEI53l98Ooc4cUKYL%2FHIUy9zh50yt%2FFZHQ0%2F9sXtLEbe0hUbscjRtrI6kGQ9dIu%2BUPIbBVWlXhFgHSOt9EE9xcY20876jAbeJmp%2FLAZDfbmcKLDT9e%2FgUdghLsilocZtYiZqcgKajyhNsjzq6kRcjRl6gYBfUHhgweOzC%2BPYf71Fxfr8LO717MCizOGrCtW1yBwpsBVRDUMpG5TFjT%2Bnx8
2024-11-29,李昊 活在我MP3里的歌手,11.8万,/l?e=26a314DJZnf1kSK%2FQFOd54KjfWw%2BCcsRWfjVWBC97LDTG1HknSR5jAuU%2Fb7M6%2FSOCYED%2FmzW1Dt%2BJxqstNb2fPgOV2QqZOwhbzdgakZ4HoDlkRfy9Mx3X4HRRh%2BhciD5PeKP5%2BDd6xIbUhAYirx1K1QH%2B7pRLsssT5YZYNWLZyuP7Rbh%2BOtWeva%2FKqHxS%2FaRYr8ajr4vJwzuQeaE%2FOn4h890J0dlaJZRjF38GlvG4BL13%2B1HQIKVh44UKyMht1r%2FjKbxVJEDLVPsAgzwWH2VdrhvrDQz8n%2BlihPeFPZl68hQYRj2dFMKnL9S7ufZA8eE
2024-11-29,导致胃癌的6个高危因素,2463.4万阅读 | @人民日报,/l?e=4277uq64NeCZQ8%2B03coe5mXj6%2BmwyH6mbix%2F727maZZAiKRFEGBLRTz0%2BjR8RVeRRgH8NIQ1bVZnvM2kivt2XDcMKtx7ffyND%2FUpLecz3XdrbkmhE3vmzk6C%2F11DOZPwmjGa2rhKXTFbHsRMfrSKNVQ68sEdIGUNhacv7pDkS2Ps1KdN9GYdplwthgSR0NcxrVfTB%2FOOJdxESkUQQR4Xmk2qxsLv8Lxg%2BPSrZUAB9GFU4DuPcIGvc4jRiduujGZaSgSIngMuomYo4zeEw7dTAfGw0Iic5oNdGNrRVbkqduhX10XouJLkc7FtcpVHWKlVMjfoilUDKnq3rw
2024-11-29,扎根中国大地赓续中华文脉厚植学术根基,,/l?e=15dcxauwkmpGuxZQmRFRkdkhb9s1YxmybRRcXlLLg7Onb7edSnqYXbmqfZAEJPDdPle5k3k32b6OYhnsINBYWU9OG%2BybLday38e2Gs3XTUxoUG5Zs0sSkklZbqXBqqHY%2F5D8We3GjVy42uQf%2BkJV%2BJkz7v5hA4rEk0YAEHHI1rEjaEyRmteKXfG4T%2BVvabWoJ%2FqMmG2IUOqBPqo0OHK0B7Xrfvf4OnWbiQGFMSFPnPBag7bTbq4%2Frcie0N0wAU5LVuGdz4fHsgzREQE18aKdoxTayrBo9PErS2S9SmEIhYOgVobou%2FuIhQQzkb8cDZKb0IM3K2dJ4AY1%2FniXbj9gmzgoyMNghjGRQPJ5ipfJJTzM72f6sTvZjSMellczxZEZksvz7cfJNW1X7jag7B3NvZEP2c0z3DXDZFAzznnbd0KN6%2Bp%2FCtH1sEmqkFBNvVHdQpKdDDvjOOja5H3rYhS1LG8mWmEVzg%2BbMxsoSvgiNXyz
2024-11-29,猎捕野猪为什么这么难,201.1万阅读 | @新京报,/l?e=2bb6pqpLzwOATJnZuQP82650Asq502OIWLnungyQGQceusDUj%2Bw7LjJMUIHWPkQxAyHwS6oZ5efo0cHR2GXrvj58XuBUAlBfh%2BuZWHNJnJhA%2FDfMyPFFY2ZloU3A1M93ur0W9YK%2BLMBJ2C5yFVDpullXVVcXUFS6rQpZuD9YpzTW5oci24RA4qtdVkM%2B2C%2Bugdq4OtqRL2UsdLkTNJg6xRFSQdPVBy4JfqyuRwmaCHkfbOKFchh7s0dV7QnThTAk7RRR3K0hrhStKLHA%2Fy1NbMvq8nM3WJk15x5QXmhPhOAorUeo02pFAM9hfvtw%2BG2uYWNhzY3RLeQf
2024-11-29,人民网评白夜破晓,31.4万,/l?e=05e16%2B%2BjLKCESQ9uOlhpJjgr3w4gnwuXU1nycHSG%2BO4ZD7bp7MtgDJJL1FL0V6Jk6VbffGcF6uR37dXWGnyo8BRmOaRPh1J6%2F6TrrJ4GyuKrg9Gd0deFwgzXqEzMrA99HsJ6niBHzrrAykBBXivkCOrqG4B9AXUsUoerqLJUnmcas0hHVl4t5Y%2FhIcAMFROqmm%2FAchSRZAccAiRWZGqxPojR5PumNShz5xFwhyDoeuuDSxjSWPdcl8M%2F1tvAXu5viBVZsabOZcomM5BOKt7Hu6yVl%2BHh%2B6qyt9Lv
2024-11-29,春晚官博回复檀健次春晚相关,晚会 888700,/l?e=aa28sGBRy3RTlqD6TxUvrANow9rNNqD1EctN5%2B5XB92X79zgwPx%2Fat0tzWaZ7D6Xp1tXr6SCAnb7JtSYe26X%2BAYqjo5JZRRLnoOyfEojfx2b1kgVjX30HcImzHgiVC7YH%2Fri4vJln69gtKGIrDsFqpeFiTynpgtohLS9nHlB7wpFy4ZKhYVvEnUeXH1Yx2DAWD0EUQP31TGcKxo1EFroTouRjQrzQqfin%2FCryI3Z5oxAvAgHdWDzdOhO7ogX59G316T0xilnCJucjBgYr4e8ggJNGwLo7BBAAA7SVjTHKoaMiF5PmYkrWuEtUfgXKnuK6C0QQMWi839tailEzaBIHBy5zoqlDszCIRWa6bH6CKkrjcKx8RMDeP2oyl1zzx5cgH2ufmW0
2024-11-29,悬疑片的反转应该这么拍,24.3万,/l?e=fa69DFfhSqShpsp%2Fg9NiNbouvT%2FtGVyQkgt5f9HXbL%2BIAr%2F5dazt8Y2am1F2S%2Fs%2B8QHJG%2FLAds76d0YZ2aKY68aUeea5IcezHCzMJK4EZMfvDTVt3gp6mT%2BmeyFT5LWG4QBoojg%2BAR7F6t0qiKVF6o9wnhdz4kwWZ3SmZLAaU82QLiN5j%2BH%2F75okGQ7qN6RhAsAMZ4g6aCZutuxxVkcAE4eoVnmzWCmfDMVns1dn5K4C3x3NIMwBVLtMsi2O16wnmImj2v4MwKtT135bN0SqbDVG1iLXhG7g%2F2o778sNtWJ3SZ%2FRG6qeaRIALVVMpgHljfAAwrtx9c%2BE9ErW8rtaIO1%2FaXZWdWBl
2024-11-29,Baolan晒传奇杯四强队长合照,21.8万,/l?e=209cX%2B2JdQCT%2BattgyXjwlEsIs8ZT34EdEweY4pcl5wSbbLWAbLsyH%2F2rq87IgKXCsgerMqcaelZ72qdvf1drHA3%2B24YIM6Kvp3JsCNDPaAf60CByHR0u3L4ztoB2XWqeujU7XgJvQbaKLf2ihl3%2FmC298kVjU6Naf2KDc5%2FKzOjyhrljq6%2BsY%2FlmAWcc1xYgmQoNNbOQVR6rv8gefhwIFBl9GPy8NbcmBRr%2BaT0ERJwVZ5PcX6ZOm1qoxVk5ZbXwiul9yFIR7bWOq3%2F%2F%2BPihRQl7bSs3JGnb4uR%2B0GRyZSMYVPVO0r7QKiXb952rG2ZSfJMHODnkD9eyu4Vsh4O
2024-11-29,小鬼王琳凯风尚志十一月music刊封面,13.5万,/l?e=c3a0gBPU4oeT5oDKlSQIN6%2Bd4Zu1fSkl%2FI%2FJJNtJqFSCdO%2BOmDDmbdlXJaWUe51wLyCL%2FB9swB2708NYVS7oqes8uV5m5ccOZ14mUdSPRaGFVqxzmwfTBEoFfVmVLluc43N4zPwRoLxqtqHXFvqHZsGhJCoGQWr4h%2BmL0PtzgTo0cG1%2F76aJFEU7Xd7O6F4c5strxN0H8XmXgc7du5NxUD6nT6iTMTKC2%2FLqw5uyBXNt9CasWeE5Z5ioyH2wxer6AeteLynjFkvKkFJ9i5fonPIXrLFUDXwNV4UNDt%2BMbVbnZ259lm%2FTAFMQz%2FTauf47wiDxjxJr1RLhjrw5IiXVZ8S7kYMwWIZkS%2BLGBUidJcmhw9AIOgtxv6laKif%2F5xipVMl2FrzHXChfNAT0pl1zJOxH4ZezA%2Fj%2FVBQ
2024-11-29,金玟庭演唱玉氏夫人传OST,16.6万,/l?e=6ca2MsQLENWNkN0o8XKy%2F3jd%2B298ZIzrxpqtg1HbzLfBgxLD6krE8YMYLdj8cpVkLNfLxm%2FVq7apEV7jaWljfunSp5kdDC1q5BUDC%2FKB5xOsq6%2BiMOKlOXUri0duhteWPvxBoNRfFTFerNChSP5lg7EwZJRX5G4QlcvYETKyN7Z5t1S5y5tzzgjpWjB1VwDxs72NekfCDa9zbVIiCvQOJuvJmVpIGdbRZ8Kh6Sy788u8vcEtq957YBkcQdmORiKCk%2FAPBShXNoM5LTKM0KdTjv7gY7Y3IJphiWaflyN30JlXxbFz0KHM3DZO0iYOW8sb0E43T8LPAPfcc0D0
2024-11-29,打游戏一直稳是什么体验,22.1万,/l?e=b5b0vltxIvS0ncwGUtHwxb8FZWMlW%2F%2FdaoHcXhRTdrGtwvOT%2BqTtExiH2GAbgWRplDL37dHc7nrAJflnjKSJS3ooZN2U0ffWWkUPPH3zkvz8%2F7xxbgq5vBDTXplpW0SdX4MkjdcSPZnCCqxvXEtwkYG0zDWYEhgV1JrVQLRvCuq1zgSYNlKmaP8ydMYS%2Ft2LJqofKyR%2Bv3wvOaV10KHl66SNZlw5GF3%2BJgXmqu8gm0ZZYXmtF2GCw%2BGQqXVb3AN5CwXqfAH8o9KFUibrLHGSAr1bd%2FUUjN2sXPLOI6KwVao%2Fa6%2F8AAnoBzHM%2FV%2BG6tOxCXkVJ8InXnpZeXAmFF4DuEYYgsiNzliS
2024-11-29,儿媳控告公婆未经允许在客厅安监控,281.2万阅读 | @大参考,/l?e=3369FG63tl2z634s7A%2BhLHhR%2BPy%2Bk%2Fm13O4NLm%2F%2Fv9n%2FwvKWho5SdOAUxFGrzxHCQnGGwQteQvZPFezjnyj5lT4im7HDxunnKC41u6Fpw5w1w6C4quX63lw0hoORLZWW2s6H4xIgmHwnciTJv6ZDnkz9Qj972a8NMTQoibWENCrFfvX7J9PZWjMrXuQaTzTN3eFdKoXiE7xR0uTY1hpUr%2BDD8tAAz796N80ALJJGDoMe%2B%2BzbRrdOn02PxOPCJQI4Jdju2W9WlTRQMVX1qdXBZ5Q0YY8VIjL04pqxXp43uVyiwc1DwEo4OAg4G1J%2FXRu2t6y6XJVXn9PL0cPnS9jRj6Dor0icQnfULY9v4KBUnaSJM0oS3LgFlqslS4TBrscGqqNkw%2FiD66g%2FrKhf1zx%2BZsPimP8t9K%2F12etWym4CU874R1KTt1xjqHjksQpGnliy2Z2b
2024-11-29,蛇年春晚标识有什么寓意,700.0万阅读 | @央视网,/l?e=36bc00vgb%2FovFSCnHqhmLpn0V8Q45UU%2FtCIyIl2aHD%2Bla0XY5G3SR0n%2F1Gg2pmheaKQYRNM2olcbZGpXUjeB2a72Ks4Iq0%2BqZUti%2FSFXdrpFezwK7hyMIDzmaPFK8Vb%2FVf9b5a0Vx3m0PqMa3ij53KFt1x56pY8%2Fjb6OZXiISk%2F0jYuwBJ5tuhLj0dPJFdFI8cR1aptTso%2Bg9GA5g2rskHfsUTlUL3wb6ryh84EtSBRjPLNFtSZwQUBT7H4lLxWclEiC1FJOKJQmTftzSYOKr1nYV1L9luO4yoQQlsCGfcCcjnDNxxZc5%2FEPAIL%2Fja4M%2BTdXrsl%2BF5D15biSsAnCS9PN7QIyASnR
2024-11-29,贺峻霖求旅行攻略,综艺 207666,/l?e=273efbA8cqgxOOK4YPaQHqXSkg0YDGDrexm7HWSwqKjTdRESdQTJpy7z%2FFY5T3abPTxdfe0XpkRxklNyi1ZZZ0%2FYA1pgsqfyenda8nxX4L%2BKQwBfO6QPW8zNYGctU%2BKr8FK1z7TYYYc8R19IxT%2Fy%2BfOAIGl5arg17QqxrBeQUVMN3mnnT4JRQSA2dsWrlcyGMYk4V7VZ4BoEHB1d1jpq9uwZB38L1MvGdlorQkvS0eTLWX%2BMatp2y6VFQ82eLMdjEU372SlK1Kr3fS9r1%2FBviZvf3EXN4JSB4h4V
2024-11-29,一降温就流感的体质怎么破,23.5万,/l?e=69ech3Ihw6yD6d9UDYsKSD9imsJCJSA%2BbdFrzCYvnkqu5U2wUfUK2UOJl5bb2Vha2ujjpWoiPTyBGoGgHdWTKsVoSufGNd2Fr%2BFlcVTm%2FzNlh%2FhrLOyoTG3XoZXCQJ6Gsmv4E5RmuJdmq3JWqq0%2FyWaNsJa7XkSBL7Ei88PhN6Bgyh49guPYkXOshkm%2B79KqgIPRf5dfAIPqiaZ1jl5Ys9XdnzFJKsRtHTmYQHyWN%2FnAGQhiTcnVA8DclBjjRj9YawNnHC0K4IOwHaYP%2FDQJGrObR%2FFITSyezb19HueWW8pqF29wAKAU2ex16YHk0tvrjQbd1YnXr6rRbvlPDxqHM5V5jxf7v3tebY7eXVxU8E9EdV2W%2B63z
2024-11-29,黑西装是杨洋的统治区,13.8万,/l?e=d33ceyBJrVSDg4k6kKJk40vrFZKcFU7udSDAOUUiVL1U6O6Lz1wu%2BXs7o%2BwfuSJy78mihWM20KvyQYbVlpE4IUGar33mXo1ll62DVUUSRSLuG1HqPwhSWcBT7jd1FPu%2BENrwjxmOKiPXBBj0LQS1QIkaaoy1Rf6137mcwRWBUm4nu1wwqf4jelIzGxSznYq86%2BRlKQ4NQUV1ZuPPBQXDGi7pkb1EHCqMxGgh1SCrSzqvBR%2FhhSJHFEGigR0RBuw34%2FvNycUtNnH4jqdkY8MDd76Kp5Hoqrl7jHbzh6dhcDRSjfFna39LiJ27DiA9dfzGBgCdXMMpLmcW
2024-11-29,郑思维拥有7个世界冠军头衔,16.2万,/l?e=0a3dLiBEW6sjBZBul4%2B80MnLoX%2BihlTRrG7wkvRcOe9hxE%2BIwmTApAGIf4VijzCNfKI8cEhPD%2BThF7OxUR23D9h1MVIVvT3hultP5cLcX0F4%2B4Rn4BoacWb7l%2FmGCx0pMNeaxR3L%2FrxtYFqAk1kulLbeJm%2FDU39NThcAnlJqun%2BTfSgKLxp2wVD16DicylxihNEJoAgV6xCrsZ6BHrVmtOryBWtJTbio8gzT4zNS%2BAWxe46oNYo7pb%2BuR32GsRXjVftgY40QFbIDgfkNeWKUm8stMVeO9gAR4zLHsdwj4d46PHdeB6eFFdqJ3UIIPUyVGvjFmmaeiI4X7aDp46Far%2BuC2mK0jbyjtsYAlCi8kBjaGMk7wvrDYw
2024-11-29,中俄第9次联合空中战略巡航,12.2万,/l?e=b4ddeQgOzkO6L7XVIDCdv%2BzlYfrmwXvhbZ6AHCahce82c%2FimgfaswlFptyMU49ddmy350Va78JIww0fMpLIPHMA6OihwJAwe6AOuhW72j0iPH5kJoLfokfCVr6iglWQumVMU3r30jegQ5iCmcLeKzFl5BKpfgKweW58jlzGpmMNxHpzXEIr5UD%2Fi50CzGvY3RX03YQyHYlrLQb7ymzVoj3JJjP6TeTkBqiodJrLndLQcOys1vV%2BPDThSd6eFZgbjrH%2FZbQ5i3%2BZ5kGkQrvHfu%2F%2B%2FC6qjZOjyBmSAx%2FlJyiCxdABfn4OyxtK3CrB04U%2ByLqmb5k0ral9214%2Bd%2BBZb6TtjxUTTZWzxm1ziWZNkXd3276E6aPRM0g
2024-11-29,王勉 现在是个综艺咖,综艺 111890,/l?e=2961UjtaqxYraw%2FLtF6lwEs4eKty2tUeGvpavuZGTb8RRxT8PqTDiCrIgGjxySU3RTtrr%2BZBVB%2Fi1IqamqJT4kgb%2B62Q8gbHKmeDeYLoY%2BAq2FmxSl8cXXMkcgRkED4UntKg7jvY2ArvZ3HeGuy8GoMOxFuO%2B6Ec32e8BYy2VFNx7ARWwupl%2B0m0uIYbQWk2w%2FbaG2K%2Bt0m6pMN1mGRXN%2FtG%2Fpzw60TcU1yCZTkg7tzOYDic7NsyjP%2Fver4MkRfiaJDlJHI%2BJ%2Fbe9LZiCaKJaEtdqzQNONLp0%2FcSqKPGEujP50g6oPle2kQm7k%2Fl
2024-11-29,官方公布冷藏车厢内8人窒息死亡详情,401.5万阅读 | @新闻晨报,/l?e=ab1ccp2fexkpTxXzrBpyIJE9C01Kl2bjXK5vHXAmhuX4vN3mvwJaU2QgNlNsBrIy3E%2BzsfTqJlGcqxTn2D%2FM31ZioB2uz92IsSxXtpa4SHJQjaeOdbF2JyN3Hi%2FfLmbwPm7%2FV%2BFSIOYqr%2FfIV1XecuZ6Y8STrCIigUASY478YV%2BJTccbN3giBaIFekAvZnGKTTCItNbAUHqPExuMvkEl5%2Fi97ZaP4pG3ileg%2FoEvsyrlZ3QR3boVvOmVt26AydBFBfWvV0A0p6cGTeQ%2Bl88ZU5IMiDF76aevtTcISULpPQ2%2FN4NhwPijvk1ZVNZY7EnNyFFdJwIlI91XWdMq8MZUzzddY66nnWvtTD%2Br1RpGH5Srn7ONarqjmkWQCHjeWvhwRb3j8En81A3foxhYQAiEcQf1j0cwBhsrGOUIZBz7n4p64mW%2B6Xv9jPb%2FLBomj1ZIF7Wecw
2024-11-29,欢迎进入中女造饼时代,12.6万,/l?e=1bd5c3yeD%2B38qby0BJUViJRRBjNsFEImoEi9ar7XxrECf0ovXayxmpwZFOD0jtR%2Fhb5FkqjyTzh0kLjZm5PNgLGBFcwnivQBDS2dLH43Bpmc%2BfQc3VZHft9ba6G%2BqJvdfGn7p1A7eTYIogGENvZyGjVYjmbvD007LSy4h13kJKXuF5PqTDjqh9h4DutZ7BFlK2QcmuKup7SEkT9LIsnSjrXmEsKb9lqPItGeBaHxldhU%2FS0deGor5FK69uUvAoikdz6JSbt04WrgfxuQno%2F%2Fm88DDq3Shb%2FjyztlRMkvQ%2Fr%2BdF36Y%2FZAPRV%2FG%2FOw6Yrymh4253LW4yvN
2024-11-29,中国游客在马尔代夫潜水遭鲨鱼咬头,21.5万,/l?e=b73a4Z%2B1w8QqGPBXKS69We19%2Bxv9srZ33hOezCPCfnHDzwQWPUzjL3%2BiHJWYG1%2F4jLOPjmj5b88%2B74hkbVgugkXKr5JhPkAr5LaAtS2HHl75fIsiAMbZoAXJooxCCt6oIP%2BFPLpFzWnP7iAlRMGBL%2Bgqna7fR5AeqVa4sxmpljyoRPiM1s2X30aAJ8OhRhxs4I8Q8QwycIMLakdQ7%2BkcIJqRoDwdmjoqb21jF9GK8d7RFZBunu4GXIcrF5%2FiFE6fn19caLrODeKkXxfj%2BdyEHmyE9yWJ9qTmNiiScCNRQwmZ%2BJTrcCXULarwnLfKJ0noGsez8qf%2BZdasvwvtItZ%2BEJ5EJyipBu9d8TwQRpWBe2nzYkCOXFUdAuiYAoIWjI6MU%2BMpazFEpJiAG%2FmcM8vH4tLiNNwpKfH%2FEYsLPUacdyt%2B12CbfqlqOJ9V6zWQLIIy9MCu
2024-11-29,侵华日军日记描述南京尸体如山,455.0万阅读 | @央视新闻,/l?e=01c0YXD7Zlxs50ZGSvc3Ju963Lo6k5Kh%2Bxov8VngJuvu479kFAGP9%2FGayVnSHwGoqoyx9gjyNjKH5Xo2cD1IT%2BLBThmyPrrDcGWeqTgw%2Bvzj0CqBkuLszxw9rzM6wwnBCtFgKCWVzSN64Duu7xJPb9Fb4MOn8nVgt5rsOobEJhgvrA00cwARf3GdKQQF7V9GhGUI8sj1uIU5I2kVhSqB%2Fb0qx%2B3yHRzwlQTTYhHsnb%2BWtAhEpAsb03zHZgW4jslvbmnfNj3uwcJHtu5lmnKmzuCvYEyqPhbKs7pAdVKLIb7U3v%2FL%2B9MmoYWnU5Z6x%2Fdf6mzveZkDXFUeCgRmDfoizWYE3fpcmlhohjD0Jz5g%2BYqP07UHavUt0VuMqbWxyQbPgAB2f9DRdHRJzzgSS%2FgC5zGwD%2Ftd
2024-11-29,古巨基钻石败犬live首秀,演出 134988,/l?e=4f8efjBy3rGcdOKyG15%2BlcFi12Su8yFuCs6mxulrSsTwd9byMBJGq3CtfA38iS8qCecK5r63Tll0oxEA43%2BsPs3gH5sTlUlxkqs4TPCfpTr1UqQBjpqVcNDEgnviu4XrAa%2BOgJ08uVSau3Vzs6SDwfwzhczsaJb08Sr3n1XkAf7PgNySlDuzEUjc5q12IVfKH4Z7cm1UDYRMfDqi%2BzNMt4f8NKwxcBVzYOd8nLSInq%2B%2FXlQ4tOXl%2FcZltDBHsr3Osm%2BqOYZZOb7Xz6a6Yg%2BdHwO428s6f%2F4BhWWmk1Do9WISbGN0S8b6hbzcuufWaQ
2024-11-29,巴黎世家售出8天后要顾客补1147元,66.9万,/l?e=4271f5PRd7VbtrihkLsPwLwW%2B0TGAgDrizm1E%2BUwHEc8buhsktA4G8wVf3ErvDf16U8N0%2FSkGrKp4MpwasQztEt9TlB9fxKS3y8jfLp3916faZ1VgpO%2Bc965ikXX0gyYrdWokhHrdoLGZEgPVgKCvdivdxsSsJZUfbYtx6hmOYVasvuuZJoikvE%2FVEkzj9Z9l3yYAXiEi1UdTUh8h2Jqg2FEV8UEhyKNgyL5jnXHrnnJhhAm8Q6QBcMQ8eP9iFbEtNYWcLRBDJLmSzuhZc3CeQM6N8qhR3JSKNVYH7%2B918SxekZgyzzhUm5Jueosg7LEOMXdsrXysP4L%2B9LQroPmN7kcebXHaUmtobh%2Bika2JpxwAOAqf6TFelgyYb7tfPoMielDUiDEKQD0dNU
2024-11-29,虞书欣丁禹兮意林少年版,剧集 137691,/l?e=254ef%2BAP2pqemEShQPE0svjp3j4LuN9bbcK1ObgnWuPaJknwAf8Knb5r4nOyXx2lLsCMhLqr0QbfRyAz4JxGP51SOuurCpw8q%2BvJxN7K1O9WFHoyHWFWAxNKH1kaHpysaQ2FcZ3ZovsePTZDlZKIXHZMG5jwPPEKMoLBvNOUKRdoFoOhelJZMnd5X%2FsTEbXuWL2Dwwcq7JJZEodOGblgKcA47Sxht0m5ozvIUwgaYK%2Bxjzon06vYE6r%2BnJi28zB8HtpoLZ0Gayl8GC7tb8ER%2By8kQE5cTCtYMsvR5NiGkBDhlpqaCvsCdQWLITkd%2BO%2FOWgp1DY3zUxjmrReex9n%2B%2BvEZnSZCQll4
2024-11-29,TES官宣Meiko离队,12.9万,/l?e=ebb33sMFJQywyCvCoiY2YlPSRvqNEEj0Q5PXZ9PWCnmRvPtD0u5r0f9cX8pnVql7j9PkrTLi2%2BgsV6ctxnDGBophNE7KWrlWyO7In8zQ5IsD2FzHxdqfYwCLbmVisLQUzswNTvOWWCALi2IUtq1cFric0m%2FuUywIuYybtya%2FW9tATBfqpMmiBSsisWDWAh55ntzhUmTY4GNKP85LoAM%2FPIIckGWP%2BQo
2024-11-29,唐嫣灰紫发色,音乐 110851,/l?e=479bsmIicATEscXARJvCZ%2FGDDHtehU2KH%2BudD%2BAbnoaeSNhqqHaSjG4mBaqUXKJXMeStdaZ7R4ptSeuWkfnMleC2GK4cApdb420ZkM23Kmev%2BoeRe9NsRLAtQXpti19%2BhcqIS1%2Fh46XzsC2VvYHokm98Anjm0h%2FqOrDDGJ5Yw2AL14NgF6AjHwD8KRqnt9J4aePhq2FoZKyjqgoH9UDR3MwIAOXAbl3eg1hzrbEVYsvzwGPuzpnenq4ST0H8
2024-11-29,韩国人的精致穷,40.6万,/l?e=af63fenwhpEgfgvOiWpoY3OsRYXYuWwlCAsxX%2B94x6yzOYeJkMqOSxcmsNmyVepxipcyBSQwTi8N05so%2BVsigvIL1WctID%2BkfLpIseKMIN2G9YnAe7RhgTJBDVdjvbqb%2BjIKnvyNouRCZ6a7WYTMLAHZmaQ88dgjR4cxdt%2BSjQIlvf3JGmXZnNAfbPGT2JpRytFNWfVFoSvIci2K%2Fdxgc47r7TAH0di2cyE8cv4t4AUTgBMMH%2BwaupGlqfGTLYIkxpBTCUJHdBj479e%2F
2024-11-29,林一长沙活动取消,20.1万,/l?e=7055lwoVvwco9j28Ft00H6A3XMHRprDc%2B%2FPPZV4%2FxvTAZllehSstXqATcCOgRgPhGv19QL0tHCeny88KnoT6HNEJekv%2Bq7e0AJdMCfOIGLYmlvyL5rZcLMGjdVSARZAydGV%2F2NE8wxuXfb7iPGk5g%2FEGydgvR0SYhE5rjoXQI9jBuYKACIKAVvmFRKNXmfnD4F%2BVttUlLmDU7OCToWKS7K1SldgKU40RlQeTavBlzvIWBqfkH%2Fktf3IXHL3%2FkxLRSxGDOEaMQBBnDi6eYl8PZmjwDJzdXxvtZJrH
2024-11-29,年轻人买的水果半数是情感商品,14.2万,/l?e=f9dd0gvhHJo0DaMT8XgfTMmxi8MJykfjqjOzhQJizH0SiAKJ%2BfGAp%2FsawYfO7UqNG0wopx%2FfMbKpF9vSzrvPWnkdvMk33QABN%2Fr0qD4As4Fw3NipLimwMtQP3piImDygSLpZKdBtd4FS0f%2ByOdr%2BxbPRJp8sAejrBIW%2FSIxICvqmcKyJnq03j8oXWnLTgCvl3kwlPKC44g6TnpdnnVVELYs16YkdveaV%2FUWb6ydnZOUHcmP7Is2J5rzTNjX92e7GziMSfpbEPbnbGVYbDL80RPQYH%2Fg26oXlUpsZhgSCcCdFVjJ21YbT4JsYTSSAxqM1LMZhgWUtnU4bs4gdLRB%2Bd02DgwH0mxM3ZwyEs7pW2XOQ3%2Fb2v9oiZn48MpW%2BwJglpT%2FOzV8WcZvX6L0KVC9Q3WWmlkq0
2024-11-29,林一霸王茶姬活动,13.0万,/l?e=eefeyj%2FzwuLGG0bu%2FYVCP6Y%2FY%2F5FCqr8z0vN2JBMiyOdmIEK%2BHGOz%2FJlNchYRy7QGxgTJGA0FBOD7nQMxg1wAQk%2Br2knnkpjqvsq0X3ULjSb168NWHJJ1KDAxUYH%2BN91KIE4%2Bn3VU8ivDOAfwAaDJicLQfSphXu0VzBQzTionnbzbYDIPVbHxjTUXgwoJdLLX7hDNjciQXj8h9DKWv6WDwH4hWX38yGTWdvuxtG4qyDX4keYLfbkUqf0Jl47rx0JYE1md6Q1sl1GP1dZ6fUGP6IBtKYQRVen3K8T
2024-11-29,侯明昊无处安放的手,11.7万,/l?e=79fbBz%2BIhazbTpdoafqWc6WDKg3OJ%2BCDltXi2l%2F5R2PIwamaXvSfgSXFoHP2FhVhx5ypR0OF%2FhNE9QM9TjcHrDWR6nzTALd%2Fx92joXjvOaYpDE1wdBq9%2BS5XEwlQ9OTEEzqS%2F6ta3FAIWQcGqlDHCUrSU0RUnSwRM57cUdujsEQXBcy8I%2F9dSA7UdTRfRfnv%2FBVl%2BF%2FjvmcScQUbKcDiwwB0ojL3%2Ftf3ZhzrjlfMa8AEWxUrIF4X99mgNqraoK%2F2j7znbM%2BZLPM50khJqU4Bv47kWfx3E2P5kTpiGLTBdfowV%2FW85XvpdwCw
2024-11-29,上海体博会真的太好逛了,12.5万,/l?e=d11ax5EZiJXhv5r8nGKc2n1MyXRQP9M6atbDUGYmRHc8TTAdbktNz1eeZCP0cYMUqGnkcxzcPmfd6hhWpyqnRLASaWd41x9A%2Br5Gw6doo91%2FsSav6sJg5LL4drf1emvBypWH%2Bu1PtBtIBSXErx0o4%2Fhqsv0j%2FErotKUZqJ7QU5ip%2FGB92uMUfSc%2BbzdKp8eL%2FYxzAOIS7BK9mRnAOCFtbHW78yTcRE%2F2S3ChqXkCnTJD%2BecbSCjRj4DVLqt%2B%2FNl8sItE%2F0Coo6nZkepQ%2FAT4JvGoncN6hMxDtP8bd0ycGTtHUiclO48eYWQr1cMX8b1YzyA374IBVm%2BG9DnrYN6Z17Z6RBzl7RDw
2024-11-29,容祖儿心淡全场大合唱,综艺 134258,/l?e=e977KzNwLhPlFsX5x5it9f5nrtdlNYfSx%2FjQCi0BhrXPD2KGVcZaU%2Bu36HhZ%2FlKciw4%2B95dvjHNJo10z0KjIlVBWUoeHlRQ36X2IyODa%2FpnGAjJs3k%2B1fF7jNjEVTGOkxF%2BCL7rmv%2FFEgobkYYyNjkigfq8BaQ3HvX4uH6HisSBVaoagpIz9MwgHw7xIiTK71e0DXA1ACGEXtAGNd%2FCjG1Fa6C4Iy09htDYhSUKEp3aiZ3Aq6nikFpzf9OTFQh3UGeXWaaU%2BrP5QPQeN0q2ZDYt9y55Aqu37r986%2BZNosL0YIxdLFmnurx22xow7o3HNCitV56nLk2N7
2024-11-29,王源头像P了个新帽子,17.3万,/l?e=0e51nbJxlZixF9WWsEd4GtTtxgZTMjZuQDFbK%2FBaITRLPrnXe5JePfZZbIl%2BIFlzFgHh0LNNLpLgLlVClHE9p451%2BTW7kZCEW9GEkHE2IZZLLmrEBC6S4p5YcpG5UXsQe3ZKVmN6a43YvVZI7R3VTu%2BqYAHN6zqwPOjl9mcPM3q7EZaVa6L2KTFe5wH5YieWeDwOE6NyybCDhzZI9IZFyn%2BMGDNJNVPxvYn0rfYC5qZ1DCsPuuf%2BXlIP22cmKbxh0wDMlyv9moBSULRa62%2Bkdx3BObIWuXcgT1vFYcyOSDsbvIId%2FR7QMn5QGA
2024-11-29,再见爱人4第七期视频没了,综艺 334653,/l?e=c870XC3VujW9ojunenswpT0g%2F4keXBSGCYOc36Y0UD%2BOklstGg05LXClI4Vgh%2FKfofmj85WbOub12Fjivu8mqehellSDr6152%2FmDNGbeMFCx3YyQJxFUOss9pHiBB8S%2FeZVF15SUq4%2BquJ1Bw432B%2Ff3xOYlI9Vr0NX10TdmDjLME%2FJBT0E3QIJrVtolO%2FmIFKDb52goAO%2BLaEA%2B5dgwGWTF9ZJHJ0plOja8HceQ%2B8j11K51RNZGQN8wj3362CgDqEJp%2BkIyk18pPFrYnjwU%2BYvw%2BBDRtKUIHNuiWCmaklkpp7hem5eCTjrM3JkKXKdyb%2FoeHo5O0ebIDbICHHOocZB1w0svDxepcw
2024-11-29,优衣库创始人言论争议,19.0万,/l?e=8236vbG7JJF2PDmP3MwlLsbRzo79c74UnW6LoB8MklzCXdevAJAsE7zkEWtNwiLjJ%2BKH9X2GL9JaJQxVHCJTsTIJhZwcaVFzrMH9Y%2BrNH6kR1CrJTTNmz4g2kXxcMBRzrChWp5YIV7Yv2jjIs35K1jT4nKDqNMmS%2BAzFQt%2BJvAsEURzkmo%2Fun3PdwgZRvg8H6CdOojv53FYuFQyzYY6iuPbq3eesmFkYBwmaecHBbO0Dm4C4gVSbhaDekr%2B1bfcWVzOva5p0nrWdXQ%2FCe%2BsR%2BNwEdzj8Hrluiz%2F9%2FaHQRndRN8F37oDfG2B3WyZJZGw7Tq3hiVW1HrR9
2024-11-29,丁禹兮看人深情是因为六百度近视,综艺 132684,/l?e=bc76nhG09RrqHsZwGcgKhWSo%2FKAJN1WVzdGYVsJLUQS%2FsMxv8WEkKh2PQf7t%2FUt1GTA5rkB5SPdFHFQwWzAndINuCyhQzxtQhcTHhFxj%2B0VzI%2FLn5lSFL80rH8%2FhQKd1i0tpqTJe8FMaotdByqR31AtkIeEE4AhVUgdX6NrkDSDkAPteUceoFoIn2u82lOLhOIvL10zzWinLblKuxrJcEIkmL6OMvuRAYgp8ej5BzFOUtnCtgBdsOw68bO0UsaYOWUY3BWDGxF1YWYXOb2ZBYwwUkbwxoYFddr21Q79j155GkaC%2F9KYbiQmEnnp34g0PAne%2BUQsf4oy5uxztIau7%2FIvIR%2FbRpJyzRivNCwG1664oLvL%2F9xSSztPrdIdbY5KnI6CGObnxJaeo4fkT3mg%2FufE8z7eWVn7rD05%2FbF%2BcQvHPBeZd
2024-11-29,奥斯卡宁荣荣 新还珠格格,剧集 123615,/l?e=3772%2BT2itG9K163UoeAf5GkB9cWGG4PMRJrEbzCkIhvCYdv9uUfENU1RzfTbrKHY%2BBGLVXbXgN2ug49S1E7DKZFmiI1rm6lt6LS01jk9mWYm9MXg5txyeP6uCkv%2BSwq%2BXnSHQwmqyYuPKWh073StVUMJ1NyYCVgf53HEOS5lJ9bG3uQsA83qs5xO8wj8vaKG3gtzgzEg%2FV5S0hwSX4IcTBHLHJ1mietPQYZiyF93CLq1WPDbncfwEG6eHlDBM1aFd6esGUV5ub%2FD9mw3hpV8J9KDmuZNK0CnMcac7OWBBMsigQ3lZZa08MBZE96wMJPQKdkaWRxtZyvfy9SRtqD2i%2B7U6LPIWf7RndS2
2024-11-29,丁禹兮 包治百病,15.1万,/l?e=29fc4kfy%2Bor3k0B26i5EpDi%2FPQ7BRRYllnqAcl0anyjArTb4vPDgQZPaPgUeN6L9ug24uxbySSXVh066yH%2BqQz%2FqFH4LENzVPkILXEZQt1MISJds25GvttXJ98WieiP0W9V6qY2ErZmxOCVVJAfaOijX6h%2FP0YEM5VJJLv59A%2FtIiDLCijyUhUYkSJaDrAQ3JuMIwWWXDsm4ZbfI7qAP8P395Tu0BVsSZo2qbV0j%2BpVWbhfiQLPt5BMbccRs7K%2BjU21bfOMu26RngxCvgs%2FL
2024-11-29,孩童被未拴绳狗咬21天主人未现身,297.3万阅读 | @百姓关注,/l?e=3ee255amweN9mn7Df2%2FeYvH3dSty2VaS5fd36ciTB%2BcnUM12VsmWnOivTkzGIjzg7J2UhYUiGXT1skzPnGOJUmtvltL2uS36XqsoWpRlEXx5S5B6lQcwNcFmIm8Kfau1Jhx7WiB0h9CTV4a9lmKqLL5DetZRL5onXXq5GUA96CzWZDbE8qsA9wqCK%2BR4%2BGw9otjEjREEad0X5iYtk3mwzKkMBkbXkzgTCzySw6XD4dMJz89IKPgzVTf24dK40fi30qsmSVp2l1anCew%2FTejX8OXMCbfDNtBnFrNk4hwy2OlQRo9yYr5qXnNI%2BcyS7hXjwvda3BqBBWfvhd8Ie48kyoQ5grsx1OmWAZP%2B%2FApiPZXu5RyQnzcRR9ce9dnH2CToQlQkByZHmDXWIXBd9gSZsFVo4BITxVs
2024-11-29,MRC对战GW,13.3万,/l?e=05637xt2%2FSi%2BUqWUVvrbtW9Uy97JJa%2FSNJend0TPUtwZ0a%2FjENltmntnLt1IYBJuuGFp6lE77Nj4zyYZK6702lev4SUSo4TXfw9UtSmKxYC5eDN0PF%2BaE8De4UcuPscZY5Np4PzvwpwjZgMsDFdbHhZwkbAmOvyj1fSGa5Evk7ikh6Yr2q8
2024-11-29,有毛利兰陪伴的夏天和秋天,18.0万,/l?e=008bCSjPFB9KZdeewXcTMQECmdsHZuyVgGLQPH5Rm2u2mBMbJuRZH069MEwkC1vkzJblSIaVFULD%2FJIERVpio2DBeubuNTZwHXNdvUiXPxs5AVFrdH3JHh5aLltelIzSfFNrqSbn0MKLSvm%2BhaT8RcR6CrBRnrdmJ8lOLMNUkiThe6S3NXwTF55GUZg3vdxtMRgoY7hXvNdbl0AM4%2BhXl%2FwRQ5kw5EphNMu2DmSw0WiPmh7N0E5zXtUURs7aCUAWqXQ1psR%2B%2FbCg0yL5ZqGcPFaTbyEB3hNZ23nqlMyFIKGMwTqIrfXP%2FqdctoOzmdWodAkQiNaUHFrYYt5YpOVBu4zVdreQqEWy41p0Gfmv4Azuxhjq%2B%2BzV
2024-11-29,南宁一家长称15岁女儿孕期被砍伤,11.7万,/l?e=c28dXtaa40XFEOkWGxIi2lY8pqLEwf%2FXWutOSSBpO9DXUJcTR78L%2BU50vwHwlaD5%2Fj4KAHoMEsYkrTprTCKawjv8J%2FeLEaOewmIjNErSXShCx4Jx4X6Lvbj9Y3w8StW3CCan4sKgbglbH2DRPWSsqaonI1FLdYi1xkNnyRAESOcv9sL88%2BDkVAyUu4a03lqspjsMTfkAY2nmhb5LZfWzFoZONqXond3E5xtXIQBW9fUAMjLudUpQ5GF6gkovj3Kyd9gZmoorhmYGnnFiDCTuv2IntZhD9t62aYvHqk12YGFHrKo2DB1FjPgLZKpuwWnvLmYsSBT%2FeDAPVa%2Ft5cwZOARcmLBQLDkUThvf%2FxoLwFjmJuxoBOTuKly76Nj4EMPyEvKLaAeEmuaiqQc4VfmHnkst4e6D%2Bbs
2024-11-29,杨子黄圣依 人设,综艺 110717,/l?e=7eb9VknOMFXKGy0S80Yl6VR%2FWPaNryCpW8cAImWDBoUZMx0jPCdyhaij4YEYPKH%2BT%2BdsMPdLYB%2Bl5n5hOPnrrvRGd3PQY0n7mvgzyUIsX8dKP0ZRw%2FzpYtx4m9oGupf03HA28IVuzd2s6LHOq%2BEVeMvR2yZIq50YIJOyIG4UikRHhi%2Fe2ZVqRNwaaaZIXpAYxPQl2pp864a2cn%2Be09K6cPrCxEhJGWTUmCM%2FogIw5u8wxZEAQFfIvdYlZc2xtf9CM5xJo0NB%2FfJGQbAeQV0r
2024-11-29,张予曦 初生天使,剧集 127019,/l?e=3251rmfBDyuPYlXMGtfUQUXlnhYmrRMtR7PE4bsQC%2FlpnguYWsJRpbpa01JDZCteFTA%2FXjSeV33qjRYXNak2jXbpw4LKBy2BvXkfQyg0edOSyowxUnG0mWMDOuprOtL7JHwhAp3QJ%2Fkad6TqADhBgCXMryD3OvGWTspu1snHUzJMaG7DY88TvF8AqOIeDlKn4ZYXhc7G7aL9gbyoPuCmTIyNWxMiT6WB%2FLSXfK1IINL4lx5Gju77BBmnUvtpHNq0r0hRZgnbZ7MOMIFt1dwl
2024-11-29,3人1分钟抢劫金店价值千万财物,15.1万,/l?e=6aa0%2BiezKFee68xCL27rSWK8J0sLUWcyzIusNJKRaAvBlh%2BIQMlKk5bf0E6J7VKeuXhbwWPHCGgTJnd1MoTfADBCKuvlLEhy5zFKLZCnLkmJ7tHPW85%2BIXNR%2ButBJDB7WBFsQDtSBaUZ5U%2FAnpBEAH9KOfBYDbAWC4Hgn%2FWsVIPQ%2FPMJ9ZzC0qPw2ouFh3zs5J2sC2dmfqDqcby5fLSLV0zgS6yyP6TdauoMET42hQOql%2Boc8nbsDFl7xUKCAdRbt9NRw3OsGx1uLm9k%2BpIiqQsAJ2bDQ47mRAQju0VOsrx3EB9gGK0%2FSprs4kF2KBs7mqpEMN7xNwaXTy4jgs88EmbGC915zEumWKte%2F%2FZdoG2BDJoY19BCXjbENEDLqMGdJicpIjJwLGc
2024-11-29,派出所回应山东一金店被抢,721.0万阅读 | @大象新闻,/l?e=e094Y%2Fp%2BzH0Qnv5KsRHqEBpi753sYsUijjuIfbMeeWk3ycwPA8C7zoalhZw%2BAZd6DMkbvpvvCvdyZV2k1K44r5kBpUligINJEG%2FeQMKksNrhNcwB%2F0HH67Bg5UEI4ggIrUZz7FIOn%2FxLemariL1EddRybznrLTH8U1diPh64wqUGLYZzr84Dl3vZlodN10GLXiOOs8BWrWpOzJJzNswOdmNCY5Y2qPNNYIxe8IR4kZLBwD76JYYtWziq6cZ2uYH6SQEwgrX5XRb6CH0GnpqxL%2FWjiVeEIb9vjYsCEXJ59ZSJyxcExUvVh%2BIW8RsTJ7MS6HXvVvvQVfUZm1wKZNrXoa%2BJbFMkvn93mK6ffTTWpz7nmH4l9IOE
2024-11-29,珠海户籍居民可一周去一次澳门,1021.5万阅读 | @珠海特区报,/l?e=498cdHSZRYEk8C8P8lh%2Bp47Cl01V4GTvJHBmLwISqP1YI35XWeDfle09D%2BmkWaXjNNAq%2BNL6y1yILWNqcJccG%2FPZHszb6pDy9EQcrMdH3jccZaHbIpmdD3YNO3ZRqp19O1I37pSdEiGKYGDdKR%2FWLJIoeEELdL1%2FTgbOQBCwwaN6sOKr%2B%2BmqhvH2e0Rp0jfykYNHZYkz8SC4PmXrKlFG6JQcvQQJCsbgsSzvgY12mq5fAPUueSJC3cgewVib7kG%2FdKxAtyO%2BBMsX%2Bu%2F0kfhbGmY%2BKjADg883WU7hjHlcwdW21tl6L4U8WQ59xx1vFLKAiEumPj8R1vR0MREGwOhQLNIYpxVSSnNpSmfltCx%2B%2BVhQXhk%2Bs%2B5JVFS%2Fnytj6SYcdrRIbtI2QO2BLpwagGRjwylfuQ4%2B
2024-11-29,蓝天救援队辟谣外卖小哥海上送外卖,,/l?e=188dPHaEzW13te6zP6k1%2Fc3SoZJndJ1V%2FKBgZiTPyhdhq4AcaBYzJCR7%2FGFJqwU9F1AMV4GdHqxsc%2BA4%2BmGLAGSucba8A%2BgDUJYuLybmTjCKyENMYjsZcfSF7f%2F7CjtPYxOk5N4xLTRd0rbbcdhTYkDMADub4J1hvyv6lKm7cJ%2BUCWWE8SB%2BiBS9IZL9h1lpAmFiHc2R0UWFJ1sKTkUaxarN5KQ%2FQEDCogL%2BAyp8GS04Dg0aRxvZm9AvE3y5nxlPqJ2Qe%2B9MYlKYVCV9lsPLYQprpP1yrn%2B5op3eH9sbI6aPnKaeWjY59P8%2FCQNIHUYrI%2FZq3cEhgDy8hvt0n9l1dHAufPKTQp28jeEtEtp58Jh2L2fehQtiGYIADQzj7gvX0vcXfGh%2FfBrdKJz6NTJ9QatG29pdAoAKKglBbv3LYs66vakQtaVNMWWbloAqa5a2uo15
2024-11-29,卫兰她整晚在写信,综艺 136195,/l?e=54600Ux0HX8l5lPOlcgzdgZlVRNP%2BmznJDwy3JvpetE6lWDpzIfoG5b0IKCX%2BdYxMnxywyV77TCDKurL4%2BuceIk3zBM31jO41qvTGVX7QMmelLd44AgxrYUT7dKIGFDLxeZ37tug%2FglFdZEmk4y4AnfnFOWZM%2Bt445DJCLZSdJ%2F4lQevWBVffSH6DJPr88zrxOlVm3pHBV4n2wct68wL6%2FDqGfF3btBkJbQIr065i3T4gl93ImZNBNVn2sEDSn0SiqbxYgC8plAcH2xH3YR1wTXE8eQJ7GoniZBD
2024-11-29,鹿晗好拽,37.6万,/l?e=dca61nCvtqXTu3IEXZeVEyijf7AhTzEOe4CfxbM4EkqCO26do3p6NxemH51Bysm52cvTbYT6X8KWdM1ZWQUaFCqqXmH1LCrrlpN3nDbPAV1UOsK6dur2BcDQZFJsUhx2A09M6TVTDfGBrDxqZ%2Bq4G1EfwbiMm1URMrvzMvwWGud2pGyK6ivNpiNNzB4IwBbAFlcJVhTOVKc5CA44UF1B
2024-11-29,108是法考生的幸运数,16.0万,/l?e=9952y3z3OQaeN3VQKEZ74Kob8hfplEn6%2FsrrxaYTrqwEsJUoSROCbLSNyOZoLJI7YE%2BAhj%2FFHnCzJcvoi1tBa0tKV0uD0Kk72RHwtauKPFmL5graTFzgsQ4J1W6mXOoDZusTF%2BWoia8J6Lx0ccwPWKEMVsweCI%2F59hFVTVl%2B07fFpoduTuyJtqAIrV%2FPpB8lXmYhImkg%2FBI25TACj46H8nUMJir6048xUoagFbCUrm1wQW1FZXfN1dTSaPHjnDPGABrFu6k2uFdhzpsSZK6G98rNYRAK99JiY65Bz6bL
2024-11-29,NewJeans解约发布会后首现身,16.5万,/l?e=42ca15NSERgnWuFOtgQ1TxOf016FZV4%2Fk0JylZa6SCjzVaoTF6A4za3LgbhVR%2FACDuIiC2Xp2KTpkFu60VuG7xQfhqedEOAgBmubeTRw4rBvtYdIs3ajWyEHjDSqnDC2A2d4sfxNqYdUQkjr3xraZ81ippiw6%2Bve%2Fy6BXIiyrXNLJHn2wdqZyhatyc55VbGOByStHZ%2B1tpj444RiBlJ73WnyhH4IiE7DBv1oNH%2B1EsfKdwrq53DvrLP%2FJPIAetmJ2SzfsHkI6%2BmAnQsZuDTI5utcpNtCwFJzFqjnv%2F6fesZFoL6yM0YB17LiCg5gHtsuL24
2024-11-29,唐嫣COSMO文艺女主大片,16.5万,/l?e=d65bt4NY%2FF659CBrvm%2BoC7nJZUEYwi5eEVRO67%2FWs31lMvuwEQGHoR4Lv1f4qdf%2BF2zyDC3%2BBWRRieWKJ8C8qCvE5hZm8%2Bz59id%2FSzRkVO71%2FYWqasjI%2BxNcuvkznFX31ONV7umOtzD34PTWyVGTHFrzgHQG0%2FLwkiprdPOW8H7qay2M7iG0OCoGmVoW6H8IOiuYGcIQmv6zrA9Uf%2BvTO8FsrHsfW2DIkkGaDjed6naZ2zfSLi%2BGt%2BiCPxU1OUExah%2FmuCKF0Y2n3PmTpwBvWYKCaVlz7gTyMSg5aXMzUvc
2024-11-29,何洁时隔十年再唱rap,综艺 181138,/l?e=fea6i68urUy2YUuumtR32X%2BCEB4T%2FuY2BHlgtqSRO2QcmFGqh1AO9Ua4Koh9Nt3aq3axNzeUQW5DOaaLNOoFy63fyqbTvgMlRv5mlr84sE6TMtoJgKhwTZzykd%2BhtxlMVj2eW8Sh7bQkDcuQ11PzkFgTGfQzkgmBpIUvTL1UUYR4cN1hsRRvS6AZ4CI2Ei8GVbWX5PKfPCibvupoWLwpBBJ3fme9X48sLYKvhwgkPT1hWV%2FMob1AMJtG0UYGFavgRNlP4QSZ847IdQOeGt79ln7wG2jytYW77Bu1RpXH
2024-11-29,古巨基cue宋亚轩,19.6万,/l?e=8d4cGY7LELT2WB2ncT12yjg7j0tHPYYi5oy1wUcuzyNzG7SDb1u3a6I4Jy7bq3AdbDpRlGwX0ux9bJeaEI3HFa%2B3wtJ2Z%2BKca1Cw35SAKQgelxD%2FWwDKDGu6VDqEjC%2FdC3AsXiWI4aSg8yQkEcw5KHVHnChlCy8GLwRePJ3I4D21CtKKf%2Bzy1aUcZxm8JKUluzvP5kCnARrJ0qryqEKQrk2uE4j3rISvHMtavEdJJgn%2F3QAIR4caPtn24vTLAU%2B5
2024-11-29,WBG官宣Crisp离队,12.6万,/l?e=f52fTGA0Nbvyfxy4cFS1MySr%2Fw96tZMmv%2BCkX5SQkTZESjYKOUJHC7hhNqkvsETTp0mXzJAVlozb1pkggxU753WLevLsIqaUrL4hKhZhB45GW5w%2FACgBmyWRWf%2BfrlKQFdnO0jOHlZGl5llXGUg%2F2m8uDHjf6dlypuG%2BjOqf75OPPFXbeS4ggQZTkk9DbFNqv%2Fx2Iu55gSp%2FY0KN87D%2FPNI7DBryMT4
2024-11-29,11点05分是郑思维进国家队时间,14.3万,/l?e=95185I5bDp%2F%2BzAN2XgNMJ2Q9NTyAf0mDB1x1g1JidgoPA1WVRkVRkXsbBW8CUazfbDjntiNHXDWaCcmdLM1QEajZAXAzCSnkX4OMJ9cPWjmTtQO3M8ulRNHHRKluIkjTKWX1NBj68zbRSWu59AgY4iFR7Fdc4SSMZINET7qu8TyLgA%2FZRNlvY5hrFD1higt1ij6ijnlXpqQoJyekUj2OI4NTMa3K%2FeUmqgI4L639RSwjW9JueVwa%2BKsQ5NFRxlQt%2BNsqZ5mA3AnH7ybMPjzeRZ%2FTq4fAJMr%2B9fJmOZxxfUS%2Fy7ivSUgxHlcW1PhKhOdzVfUG%2F9FuF5Vf%2BJwx8nKvw%2BEVX5cuYEM3cJoa2LpVbHPEX36zh6QRK03qlA
2024-11-29,黄雅琼回应郑思维退出国际赛场,30.2万,/l?e=6c8cgoZO%2FfutN6TPHcfnCzO4rQ6100qtSKLucS9KfQJbH6Eif4s4H2w9VEhMowv92fivCGh6k4qfjJpFX%2FIiy423BmYkMflivgYob8B8dKwGM2skS%2F4nEE3%2FaTnQNQVGhrBGM5wWiBBCUgaci5hlsLZaY%2FsuB1Oj7mz95To5dQXFijAFOSe7AcY1b0qEPBhaBpUdBJfl5cMTIyKxfgKxl60UsgE%2F4iFJ3TBL0aSLz%2FvV%2FKyFwyblIivXrf99fBgKzRGKVJgp13%2B9SUfs%2B26pVOqATQfOnC0KXCTAd4sW66NQ%2BR%2BOzIKvnRqWpEX5o4QOzqECMX6sh0tVKg54CVqMjOaCQXun5fh7OHwXbSB6oH2%2Fm8xcDg6W9XBpas5M9I0YSKF9UV%2BY%2B35QyCpWXFS33VNall56
2024-11-29,中国奥委会祝郑思维一切顺利,15.6万,/l?e=78b421ZRy6qpnAfY3rix%2BCbbkE9wtEzkTGXNGfnvaJCGzVfP%2FoHJzcZx5UFdC1O8fhH5V3gF0j5YhejgbNdXYpJLS6n%2F0FOA4wWVrpaejWW6iigdigDTmqu7KBw2Cp6sFv%2F%2FSx9HtOkJiStjTSEdHC4TWSVgzrXsvtCZHXJOAiH%2FPPKYFQ0h5tu%2BSVu62geDevTawSwqAmZiQe1MqHp6Rjlqna2Y9p870Mt8DazhiyBYPzv7qgF9vWgIKNv4eQK9Ub7ctIBalxlC%2BfuBulcv26OY68wk%2BtQzB6cpzxFo1iHWOFJb%2FyXSLAyCBnmCCOtu1DzhgYmYwIuAOBQokcBnr0%2FyVzactiKVFDVPD4q6tFfjanKKDmmT4quZOiaRJZcmzbyPAn5y
2024-11-29,陈少熙预言家,11.1万,/l?e=367f%2FcLx1ksMzBZtzWdHbTiQ2Tyk8r0H9IHd%2Bd4ewgII2Vl81nieSl%2BO2CddZz5mT4zbzR51WWzJuOMm1LJNHlUwdCodaZ2Xv5DhbFZQ3ZZT1AGOkVy6SWeM%2FoMejmUG6RbNjN58HVtpiyr1RjoIE5oAf2oIyF%2B%2Fot2kaPn9t0tOr8KqwCa32RpDf0ZUcRws5yrqDGFx%2BBBwBlhG%2BG5CtEqTOcJBeO6YBET85lXouLrMst9gcMtvEYbTCudh
2024-11-29,羽绒行业人士谈生产内幕,1315.1万阅读 | @九派新闻,/l?e=5c0dhjV6GQ9daUw6XdUM80bzrUBcSVDzcV%2BtdP45m1K%2FO1PCgcdsi31fMmWnkJBl7qNjh7ojhJdTp1KI4T%2FUyPDFW%2BxgIcWn9mhKaLGX2vmXqKjzSypA%2FhaI%2BL%2FDCRrOE3HUNE919RAZfzeZqGigDnGKTEawmxY1mvmcs2FaljgiTBfkjwJnQjZDVvxaggwEj8kvuKxSga61OQsQqSajWDH5DeFAbFV6AHe786Sib2KqHhJZs3Nr4ChWIGs7oZHhueIm%2BOBFIaJ4GTUugIx5KJ6eNi6IwTPVWJzH5c8Psp%2FObVrhYogKg26HNXK%2BZIBQGHhvWB0gJlJLLoqOu2u99LsqJiNubVro
2024-11-29,官方通报学校食堂吃出青虫蜗牛,511.9万阅读 | @新京报,/l?e=8984t89Nfd3Yrzs73AEE5K4cqKDx%2Fus2n%2B3gUQlJdMYzSQo%2Fd83%2BPcT%2BuFsUcAXvNhRfUojuJtupB74Oz8qbo7QcOkWSa2bBzS7Y%2B%2FJqDjyTDtp2piAIdxQA92d97KRMohV8wlJWNgygLVGaa6%2FAoRcR5TqXhaUo8LVzDq9r0HGKM2pGAaIiURVZcBHSGDNBHzgMnDv14elRZEc427pR5z0VHn7qRNiUTVIXrrZ2BMZ9lWoKa9EuyYMjpnqVgm2mlcpaTFkbBqFS2jXes%2BluMFjTOLIzAZtbQ%2FJE8Jr9fnhjmNjl%2F3tqvABsjtFvc8m%2BCfGH4sDgR3wD3nOuc2K9ydXqgvNQfra0hm8ASqF7t%2B8%2Bx7caiJ%2FKsksV6tvCrZrzQG8wjjNeOwroHWJGnk%2Bj4lwDe1N5
2024-11-29,婚内婚外老婆情人饭局修罗场,剧集 116034,/l?e=c46b86e3HJORocbXP6l37TpqHHKYZCcvovW68VjB%2FlaeqjbtXI4H93hmJMyizdw7npZ0pwuLq%2FOa2U%2Bla3fJSgtsBBHV7szpPQlsWQoLcn3uVtoVlFgZYQiR%2FnBOAIxLUPkN5orrEjUFeLPVeHlPcVy3SrAuDNgzLneu%2BHnvhw%2FCH5J1NZ4%2BULlcxE0GJ%2BaOBblLaakBgR11AxABZgfUQc%2FP6xOtIoV7vw6%2BEzdrstkwCVTIa6xtLHUSepLcuf8Al%2F%2FGs7OgtI%2FuSWdxJjrWH22gZ3uGUmlb9cZYS89l3b3o4nsSkxXJEXw2T%2Bl0IDYsUwNad1oqLOCoeiCI%2F904J8qoV14Ga1WAq2NtjUKt8UIrd%2FEgEVz7so3NQVcLuyeux6h4dGAm
2024-11-29,Puff和Langx和解,22.8万,/l?e=c339Dh8c26Y1v%2Frx28gT5PYbTOVLx0mCPB9GuPy0vIa6o9ohcuGivLbJntEeuIEQvN%2B4CeaPBpzrLgwf2KX6h0GO7%2FSQPh2sa281QCCeGjBozljN6NIk77iQYuJFJ%2FWnJkI4gac%2B0%2BZd4gK4Yr9JbuQynSnEOx53S2ulc2vi%2Fkor5mbEqqanJgmj8Z%2FsmdNGbKgpjo2B7wAH
2024-11-29,国乒备战2024成都混团世界杯,12.8万,/l?e=e9cdz%2FG92gJtFE5pi6jPetvwAgtUfF4dAAhV5apw4eFDELbb0geYIlAWgQJ%2BDKEJ3D9ZWp7z%2FCImf7t5fIq6Zcu3Xah7oLoG0CPZhI877u3SPGw7zfih7Hkalrk0yg5caZFZd0zbk0Kfh3QAJENWNv96Pu8JiaduSfix9helGgsN6rfnyhfm%2FNd8jBtVnHbxDn88WE8cgzm098lU4Y8A8sbDgnzgoABv8z%2F6%2F4ltICSjfc7chALkAeq4qpvwKx225CZzBWcQDYC16Fvt%2FdAVAqUnxtfNZv2rBxS3tqYKxCCK9ZeydDnuQmodKJKz5ANEYcGt3axpbDyG13j0hkofzCGCGjeGkzTrNel%2BiQ
2024-11-29,苏新皓我记得那天阳光很好,22.6万,/l?e=cb88ppWXtMdpdF3KGYvm8aSP7L4r4LtiL8LfKAaMarHX5ewK%2B9mQVBAXaK9HiRQ0Nl0i1vnEmKD%2BseCP9v9tGBIJNkKM4TXKNCLCJHvBXqVbSMEpRU%2BIhInvsaAbZKOZ09zaJHu%2FICxiRGc%2FU9ya8%2BzklGTvNZnRkkcCttDvwC5eMmq45Nu0J8aOx3PefMp%2BigjidzFlXIRL5wXyQihLWs1Tqh%2Fsp8vzuXhqJ8VBpq6%2BwPxyFXQyA9w2I%2BAZFQy37j941ZUxIepH%2BKl6V4im7lqYd%2Fpt%2F7Gew7dhOlobINuBgBEXJmx8zbz4aHYTtCIZcUdCDcB8aWXvnd1NSVtAiRvZtPPkKGLLr7x9FnFCbdBf%2B8vcwcGn
2024-11-29,金泰亨单曲空降,音乐 168164,/l?e=e418rW2q1Re8MXAW4IlwVhGgZvHHKh6lGt7z%2ByF8At8HZcp%2F0K8ueWQBe5SGgnkxhA9ZSEwT%2F9lstzDdPA9Z2wh1op87xoYkToBA67fTrLrmmtXwC7tvbfC%2FD%2B8IcWvmyLS0VcB9kZZOQFDXaGENPfW7Q%2BL30jKrWvh5IQibiQKtsry%2B%2FRJW221e46%2FIxpJ5FFwdBnEETuLQVsBO%2BbS68XUzAqLxKyknkgLAhtgJWtptM2FILE0FXMqdy7chlVdfpr4s96rGMet0SZeE
2024-11-29,唐嫣粉发未来造型,16.1万,/l?e=501a%2FqEKmVowLAt4Y3df0DjzAXtfawPnIJTNkXvciDtFaIGaAL7Ob1OqEnO2zTkliYQzAW%2FxuP0iZQdYaxI%2F4KTZcVPj%2BaHPjNClMDIUUBaGiC1lQ1LrYcqXaRjD2eOD3pG2pKQO787VztPHKL9Wk4kDHjaX55hqGfnYS4i%2BZGyr98YUEvLpKazpm6pwAC97nBlcKHvHKacPjQHbBZ5wDQR%2FTUEn6%2Bm1p7AVXyu8%2FHPzHQruoOo94RfGESNqiH5ZU51vgR9wPwK3%2BI2Hd4bbcQZoxzcJ2Fo6mhh0
2024-11-29,冯绍峰接想想放学回家,20.8万,/l?e=db67AX57lwkh0mdsMYV63QtieAzdv8csiFW%2FeoTL1naLsO%2FPM8aci%2ByqQZW%2FAlSDuFwftxUdk587zva45lQeQU7GVEz4Grprldawl3nhVubXc%2FwbXmasVd8Py9d6yLZ%2FzB%2F1wIQD3uhyYhuKdQm8vi6Ro4G3%2FwvaKvLPxFi8hG1fvzgfphS3kjukvVaBGqVirVxQQwEFWO3fhTqo5nrMNzqBj7tGF%2BmMhJKr06KbSkU5NuGs4WSmfWtzaEt3hmTDDsvHuNZaK61M38MJoNm9sUbwAYkOFNEAOmj5tD%2BoG6JuR2eXGV%2Fl%2FpV2zsyMPoE%2FLr41JdZSgYDz
2024-11-29,冲锋衣成顶流是靠什么征服年轻人,12.2万,/l?e=80c7MMLo1Uj9INbHXDGyVX%2Fii1XuMS%2Fs927TlQQ6zsRGpj8gMRVaoeXqaVyl61MT%2Fdgq0DzNnMkKbRhqXYFJ%2BP%2FuGtvUccoKqGn%2FbyZUKiQ0tpMVsX5vsOV2oxW3GvQaujkl1BKhNAG8JOXRwSVWTCxKKNNtoDV1TD7trWu9X8jIycxAyhFuT2JXJx1FYFiHdwUFa4e%2F%2FDZsxcFf%2BCRmJIV1pfv7JOLfGcVmLrQXtLeaBOY%2Fm7WpC4AeFRrnuV9KaOukrioW24aTVXW%2BrUfv%2F5VDSKbn0DR%2B8jOMlaTrRal0Bk1MAD7R5JY0QsQae%2BPj3%2FbXl40k5HoDuMi%2BXKEwDv20EpCt32MuAbM7d6aCUYvs69G3ueZl1ougFhzOA9lbHTjI%2Baqj7yKHmyG3AV6jFF1Sij3k6b8kcTicQ8qgXSA7WWQr
